words,frequency
get,63221
know,60011
right,52924
like,50573
got,48191
come,46976
one,44588
well,42080
let,37697
yeah,36123
good,34469
see,33765
think,32168
time,31623
back,30971
hey,30024
look,28776
going,28157
want,27224
yes,26755
would,26397
could,25013
take,24716
gon,23829
okay,23385
way,22726
little,21079
man,20974
really,19890
say,19575
never,19473
something,19191
make,18695
need,18297
tell,17662
help,16580
wait,15666
show,15496
sorry,15274
sure,14729
give,14595
mean,14477
must,14291
thing,14137
two,14125
find,13935
please,13810
guys,13755
stop,13495
great,13065
thank,12629
love,12504
even,11931
much,11736
better,11610
power,11330
said,11290
maybe,11158
away,11125
people,10987
first,10952
still,10853
big,10849
sir,10660
day,10519
new,10448
keep,10247
boy,10227
old,10085
ever,10048
anything,10011
home,9927
work,9830
thought,9799
life,9730
nothing,9718
dad,9666
put,9578
huh,9555
world,9300
long,9209
believe,9093
around,8980
last,8801
night,8635
always,8555
nice,8500
call,8469
shop,8427
place,8382
thanks,8338
things,8320
com,8145
everything,7992
fashion,7933
bad,7928
whoa,7889
talk,7858
looklive,7620
coming,7607
enough,7536
stay,7524
kind,7432
made,7395
hold,7283
ready,7280
name,7262
hello,7228
try,7199
guy,7188
may,7126
three,7081
course,7050
done,7033
leave,6997
hear,6989
feel,6942
wrong,6919
remember,6898
fine,6799
told,6792
another,6736
girl,6675
father,6671
every,6606
listen,6558
move,6510
mom,6494
best,6433
next,6381
left,6358
might,6358
real,6331
getting,6271
years,6214
mind,6211
wan,6172
guess,6139
happened,6083
use,5975
watch,5908
friend,5867
miss,5829
max,5829
run,5810
looks,5791
someone,5735
lot,5686
music,5683
together,5652
care,5607
found,5567
without,5483
understand,5476
baby,5457
turn,5419
idea,5399
head,5388
seen,5361
talking,5335
hope,5331
trying,5330
god,5301
kid,5297
looking,5295
gone,5252
friends,5143
grunts,5120
bring,5113
mother,5095
wanted,5071
pretty,5069
minute,5053
play,5051
today,5029
worry,5005
came,4976
house,4956
whole,4905
grunting,4819
son,4817
rangers,4815
knew,4809
fire,4807
door,4796
everyone,4793
yet,4711
lost,4707
face,4646
room,4621
matter,4616
master,4600
live,4579
ask,4573
else,4550
car,4550
job,4546
chief,4533
captain,4523
open,4474
dog,4451
heard,4449
money,4447
aah,4445
end,4408
kids,4396
start,4387
water,4377
fight,4376
school,4365
happy,4358
fun,4356
dead,4345
everybody,4343
earth,4343
many,4306
excuse,4286
family,4283
already,4275
true,4215
kill,4204
ooh,4203
actually,4196
laughing,4177
meet,4156
hurry,4136
tonight,4126
bye,4126
saw,4124
alone,4116
stuff,4096
soon,4087
dear,4086
eat,4081
hand,4078
problem,4069
turtles,4058
wish,4052
hard,4051
city,4049
used,4025
check,3990
control,3978
mine,3968
easy,3967
forget,3938
wow,3937
men,3922
cool,3914
chance,3886
morning,3855
five,3817
save,3813
far,3805
king,3790
jack,3753
took,3753
plan,3742
anyone,3722
since,3688
went,3660
game,3645
trouble,3639
late,3635
second,3628
hit,3609
afraid,3604
part,3603
team,3579
woman,3578
ship,3567
exactly,3561
heart,3531
four,3531
party,3519
stand,3516
cause,3514
says,3502
tomorrow,3501
boys,3489
gasps,3454
hurt,3451
year,3447
shall,3441
called,3435
set,3399
beautiful,3388
supposed,3381
close,3374
brother,3363
eyes,3345
means,3336
crazy,3326
inside,3319
wants,3294
break,3280
welcome,3253
working,3250
honey,3233
bit,3224
children,3195
taking,3189
playing,3171
somebody,3170
red,3168
change,3153
side,3146
hands,3145
almost,3138
thinking,3121
comes,3119
hate,3111
ago,3108
whatever,3106
dude,3104
happen,3091
shut,3089
makes,3067
half,3058
young,3051
probably,3047
evil,3047
later,3037
cut,3037
days,3030
screaming,3030
free,3024
rest,3006
behind,3003
making,2977
saying,2974
die,2971
high,2948
word,2944
quite,2942
sit,2940
human,2927
knows,2919
deal,2898
story,2892
minutes,2889
magic,2889
important,2878
number,2862
perfect,2855
funny,2851
town,2842
goes,2835
stupid,2833
secret,2831
read,2827
mrs,2812
least,2803
hot,2790
light,2771
girls,2766
trust,2763
along,2757
hang,2756
lady,2747
nobody,2747
point,2730
laughs,2726
safe,2716
moment,2712
gets,2707
ben,2704
win,2698
batman,2693
book,2686
lord,2682
fast,2677
food,2676
air,2676
alive,2674
destroy,2673
pay,2672
sighs,2667
full,2659
phone,2654
business,2636
christmas,2634
follow,2630
green,2629
ahead,2569
fly,2552
anyway,2552
groans,2551
catch,2542
waiting,2537
april,2529
times,2523
able,2520
daddy,2519
sleep,2512
news,2487
smart,2482
mutant,2472
special,2463
line,2462
seems,2457
needs,2456
gave,2448
luck,2446
also,2439
professor,2437
become,2435
dragon,2424
ninja,2422
hell,2417
sounds,2412
rock,2411
perhaps,2407
lose,2406
monster,2402
ball,2397
dance,2384
death,2371
brought,2368
doctor,2365
send,2363
case,2357
pick,2336
planet,2330
dream,2329
finally,2327
quick,2313
shot,2293
attack,2289
learn,2284
sweet,2271
glad,2270
top,2260
chuckles,2258
forever,2254
bet,2253
cat,2246
sound,2239
screams,2238
wonderful,2235
wonder,2220
anybody,2216
clear,2214
anymore,2213
eye,2211
uncle,2202
war,2200
running,2198
speak,2196
order,2194
george,2187
alex,2185
tried,2175
boss,2175
space,2170
different,2162
pull,2157
week,2153
return,2151
careful,2146
hair,2128
billy,2123
lives,2120
question,2107
started,2104
walk,2101
either,2097
reason,2094
promise,2088
princess,2078
sister,2077
child,2064
body,2059
hours,2057
voice,2055
telling,2054
feeling,2053
though,2049
buddy,2047
six,2034
past,2026
fish,2025
future,2017
person,2011
black,2010
blue,2010
answer,2004
quiet,1992
ride,1961
sabrina,1960
step,1959
beat,1951
small,1950
touch,1948
outside,1946
weird,1944
star,1934
front,1930
poor,1928
gentlemen,1926
truth,1916
shredder,1916
dinner,1912
cold,1908
fault,1901
taken,1898
parents,1895
dark,1893
finish,1893
bed,1882
throw,1881
met,1870
strong,1861
police,1839
turtle,1835
fact,1827
ladies,1826
hmm,1826
growling,1826
wife,1810
feet,1806
lucky,1806
words,1804
drive,1804
land,1803
beeping,1803
fall,1793
scared,1793
machine,1788
seem,1786
somewhere,1785
class,1785
killed,1784
happening,1783
living,1773
groaning,1772
song,1771
sense,1771
kidding,1769
drop,1763
entire,1762
ugh,1756
dangerous,1753
lead,1752
powers,1750
sort,1748
sometimes,1744
tree,1741
saved,1741
asked,1740
moving,1738
buy,1737
gold,1735
couple,1731
battle,1729
sign,1717
wake,1715
till,1714
ice,1704
energy,1700
strange,1697
sent,1693
mad,1690
hour,1684
handle,1682
shoot,1681
brain,1677
others,1672
teenage,1671
serious,1669
terrible,1666
fool,1648
damn,1647
sing,1644
fighting,1644
amazing,1633
ring,1632
charlie,1630
heh,1630
count,1625
blow,1619
sick,1619
drink,1616
longer,1610
turned,1606
force,1606
piece,1599
known,1598
ranger,1598
super,1597
queen,1592
computer,1592
suppose,1587
mission,1587
date,1586
fair,1579
goodbye,1577
cute,1575
takes,1575
figure,1575
kiss,1572
harry,1572
totally,1569
happens,1567
white,1566
ten,1559
daughter,1557
moon,1554
spell,1551
000,1548
calling,1543
continues,1541
test,1540
surprise,1535
choice,1526
growls,1526
blood,1525
pass,1522
unless,1519
leaving,1516
tommy,1513
join,1509
ohh,1508
train,1507
works,1501
prince,1491
explain,1491
horse,1489
fix,1486
system,1486
joe,1484
worked,1482
forgot,1482
awesome,1479
rather,1478
smell,1477
fear,1472
absolutely,1471
busy,1469
protect,1468
doc,1464
straight,1463
attention,1459
clean,1459
flying,1457
santa,1451
general,1450
fred,1448
movie,1444
humans,1440
certainly,1438
ones,1437
whoo,1435
birthday,1434
possible,1430
picture,1421
ahh,1419
worth,1419
hungry,1418
hide,1418
none,1415
teach,1411
street,1409
except,1408
stick,1407
report,1405
speaking,1404
sea,1402
grab,1402
country,1401
worse,1398
meant,1395
lovely,1393
agent,1392
act,1390
missed,1386
key,1385
donatello,1380
gun,1379
cheering,1379
building,1374
less,1367
hero,1364
normal,1364
sun,1361
bear,1361
pizza,1360
cover,1359
proud,1356
scooby,1356
seven,1354
michelangelo,1353
mama,1352
foot,1352
bird,1347
seconds,1347
road,1341
hoo,1341
present,1341
sword,1338
aunt,1337
yelling,1337
escape,1334
warrior,1334
singing,1329
mistake,1328
jake,1327
slow,1326
history,1325
box,1325
danger,1319
shouting,1316
jump,1312
giving,1307
wear,1305
leader,1305
anywhere,1304
changed,1303
trick,1301
wind,1300
crowd,1294
simple,1291
island,1291
broken,1284
ground,1283
mess,1283
company,1282
lunch,1282
finished,1281
honor,1280
charge,1275
deep,1275
calm,1275
besides,1274
reach,1271
boat,1268
race,1268
relax,1268
harvey,1266
spirit,1264
short,1261
caught,1260
bell,1260
zordon,1260
shit,1258
married,1257
knock,1252
worried,1252
beast,1250
mouth,1248
stuck,1246
command,1245
needed,1238
expect,1236
darling,1234
security,1232
destroyed,1231
double,1229
sky,1228
quit,1227
office,1227
field,1226
powerful,1223
prepare,1221
looked,1218
aye,1216
impossible,1214
completely,1208
using,1207
san,1206
missing,1206
wall,1204
giant,1204
alien,1204
million,1202
alright,1200
across,1195
alpha,1192
laugh,1190
grow,1190
sam,1190
wearing,1187
army,1187
watching,1185
action,1183
quickly,1182
peace,1181
leonardo,1181
dogs,1180
peter,1180
engine,1179
roars,1179
weeks,1176
months,1174
tired,1173
rescue,1173
begin,1172
john,1170
kevin,1169
write,1164
nose,1159
hat,1155
final,1149
contact,1148
tough,1148
learned,1142
broke,1142
upon,1139
evening,1138
park,1135
ghost,1134
lie,1132
stone,1130
eight,1130
meeting,1129
seeing,1127
excellent,1126
chicken,1121
starting,1121
robot,1121
rat,1120
pie,1119
born,1119
stopped,1117
given,1115
age,1108
enjoy,1108
radio,1108
animals,1107
died,1105
rings,1102
message,1100
faster,1100
speed,1099
roll,1099
greatest,1097
floor,1095
thinks,1094
zeo,1091
heroes,1089
outta,1089
pain,1088
miles,1087
middle,1085
training,1085
jedi,1085
trip,1084
wild,1080
avatar,1077
likes,1076
favorite,1074
enemy,1074
dreams,1069
complete,1069
rule,1069
decided,1068
president,1067
spend,1066
near,1065
rid,1065
round,1065
dress,1064
unh,1062
witch,1061
certain,1053
crystal,1051
bag,1051
map,1051
pig,1050
trap,1049
gosh,1047
questions,1047
window,1046
forward,1042
low,1032
interesting,1032
fell,1030
panting,1030
iron,1028
eating,1026
kaos,1026
guard,1025
dudes,1025
weapon,1023
doo,1020
goin,1019
animal,1019
pop,1018
asking,1016
felt,1015
weapons,1013
single,1012
roaring,1012
women,1011
within,1011
indeed,1010
dare,1009
state,1009
bigger,1008
suit,1007
kick,1006
early,1005
ridiculous,1005
marty,1005
locked,1002
joke,1001
seriously,1000
forgive,999
push,999
barking,998
signal,997
bob,995
creature,994
bridge,994
steal,993
definitely,992
loved,991
crying,991
english,990
clock,990
robin,989
alarm,988
mighty,987
code,987
law,986
carry,985
york,985
immediately,983
beginning,982
universe,982
information,982
rita,982
truck,981
realize,977
hole,974
theme,974
base,973
goodness,971
strength,971
imagine,970
pal,970
raphael,970
pleasure,969
mark,969
instead,969
promised,969
station,968
commander,968
prove,967
idiot,967
justin,965
tea,960
support,959
summer,959
storm,958
worst,958
science,957
hundred,957
arm,957
gas,956
standing,956
gift,956
clothes,955
center,955
position,955
kept,954
neither,953
folks,951
ran,951
coffee,950
majesty,949
orders,949
third,948
lock,946
fat,946
incredible,946
area,945
rules,944
husband,941
angel,940
emergency,940
america,939
duck,937
private,937
cheese,935
samurai,935
spot,934
north,932
skull,930
metal,930
gasping,929
table,928
merry,927
butt,927
silly,926
wizard,926
forest,925
loud,922
yep,921
monkey,921
situation,920
snow,919
sitting,919
stole,917
mommy,917
swear,915
plans,915
camera,915
doubt,914
grandpa,914
rich,911
uhh,911
nine,910
mary,909
splinter,909
cry,905
feels,905
river,905
blast,903
tires,903
bunch,902
laughter,900
allow,900
shell,899
member,898
device,898
bill,897
dig,894
thunder,894
throat,894
track,891
grandma,891
video,891
search,890
plane,890
castle,888
wedding,888
aii,887
match,886
cake,886
store,886
brand,884
shoes,883
wings,883
board,883
club,883
finn,881
taught,880
mountain,879
respect,879
sad,879
league,878
personal,878
krang,876
tight,875
screeching,875
size,874
scene,874
pan,873
taste,873
treasure,873
especially,871
named,868
yesterday,868
build,865
walking,865
yells,865
warm,863
gotten,862
self,862
share,860
village,859
doin,858
helping,857
heavy,856
ugly,854
tony,854
sell,853
books,853
roger,853
owe,848
truly,847
form,847
glass,846
paper,846
extra,845
horn,845
crash,844
hiding,844
rumbling,843
visit,842
thousand,842
lights,842
soul,839
famous,839
gee,839
crime,839
monsters,838
nervous,837
closer,836
mystery,835
breath,834
ought,834
genius,834
waste,833
teacher,833
agree,832
seat,831
scott,830
shake,829
everywhere,826
holding,825
beyond,825
choose,825
service,825
angry,825
horrible,825
fit,823
college,823
group,823
continue,822
offer,819
afternoon,817
appreciate,816
breakfast,815
marry,814
royal,814
figured,814
superman,814
jim,813
defeat,810
huge,809
kinda,808
somehow,808
interested,807
reading,807
lots,806
brown,806
ringing,806
justice,806
bomb,805
lab,805
coach,804
admit,802
dumb,802
awful,802
brothers,802
apart,801
built,801
loves,799
strike,798
acting,798
plays,798
card,796
pardon,795
however,795
prime,795
gives,794
cross,793
picked,792
van,792
main,791
correct,788
mention,786
heads,786
problems,785
chattering,785
stars,782
girlfriend,781
cream,780
kitty,777
flight,777
putting,776
passed,776
meat,776
congratulations,774
south,773
iike,773
sight,771
belong,771
gang,769
james,768
legs,767
accept,766
hall,765
creatures,765
rocket,765
lived,763
chuckling,763
memory,762
level,762
brilliant,762
tower,762
bother,760
calls,757
list,757
band,757
upset,757
smile,756
games,756
empty,755
fellow,753
headed,753
ray,753
ways,752
crew,751
obviously,750
failed,750
pants,750
duty,749
scream,749
prison,748
practice,748
treat,746
bus,746
letter,745
fresh,744
freak,743
tom,743
morphin,743
bite,742
simply,741
plenty,741
partner,740
brave,739
grand,738
losing,736
henry,734
charles,733
david,733
burn,733
tail,732
accident,731
keeping,731
michael,731
major,731
hospital,730
mister,730
bought,728
beach,727
jimmy,727
driving,726
loose,724
twice,724
heck,724
arms,723
teeth,723
candy,723
turns,722
bank,721
stories,721
trapped,720
whose,719
birds,719
following,718
salem,718
excited,717
leg,717
hulk,717
scare,716
weak,715
lying,714
bright,713
boom,713
fate,712
notice,711
jason,710
toy,709
lesson,707
wondering,707
warning,706
nature,706
paid,706
hannah,706
places,705
nuts,705
liked,704
month,703
guest,703
target,701
court,699
favor,698
note,698
survive,698
scary,698
feed,697
heading,697
record,697
release,697
explosion,697
shaggy,697
sweetheart,696
tiny,696
created,694
switch,694
kitchen,694
listening,694
nope,692
holy,692
megatron,692
dirty,690
honest,690
remain,690
raise,689
goku,689
dancing,688
bat,688
possibly,687
language,687
boo,686
according,686
fellas,685
breathe,684
feelings,684
harm,684
papa,683
mutants,683
eggs,682
whoever,682
blame,679
twilight,679
west,677
ass,676
100,674
moved,674
split,674
spent,673
avengers,673
ancient,672
ocean,671
trees,671
difficult,671
serve,670
bottom,670
dollars,670
whirring,670
alert,667
noise,666
closed,666
precious,665
large,665
rain,664
lay,664
art,664
risk,662
sonny,662
beg,661
beauty,661
perfectly,661
hardly,661
officer,660
helped,660
cell,660
penelope,660
became,659
aang,659
cave,658
mike,658
weii,657
laser,657
hyah,656
starts,654
colonel,653
bruce,653
spike,652
talked,651
keeps,651
cares,651
flash,650
jones,650
breaking,649
cup,647
mmm,646
jean,646
launch,646
dragons,646
button,645
lieutenant,645
fake,645
falls,644
hotel,644
price,643
saving,643
plant,642
mayor,640
pool,640
turning,640
kingdom,639
decision,639
ate,639
doom,638
study,638
camp,638
stolen,638
heaven,637
bathroom,637
fired,635
travel,635
victory,635
played,634
suggest,634
tie,632
weather,632
showed,632
yellow,631
shield,631
highness,630
difference,630
someday,629
pieces,628
palace,628
cousin,628
killing,627
adam,627
stage,627
aboard,626
allowed,626
biggest,625
nah,624
fantastic,623
ears,623
product,622
experience,621
silence,619
zedd,619
upstairs,617
thor,617
surprised,616
beep,616
operation,615
jackson,615
attacked,614
skipper,614
lies,613
jerk,613
falling,612
eddie,611
film,611
rocky,611
shh,610
mon,610
american,610
adventure,610
apartment,610
rainbow,608
staying,608
onto,607
arrived,606
freeze,606
milk,605
necessary,605
leaves,605
dash,605
natural,604
appears,604
punch,604
nearly,603
wave,603
gwen,603
kimberly,603
ships,602
egg,601
usually,600
ideas,599
heat,599
lantern,598
neck,597
eric,597
gotham,597
portal,597
government,596
wet,595
create,595
escaped,595
wayne,595
grant,594
project,594
pet,593
bug,593
lake,592
sleeping,591
gate,591
whimpering,591
dry,590
parts,590
pack,590
nowhere,589
wrote,589
wolf,589
tiger,589
french,588
hilda,588
press,587
hook,587
steady,587
focus,587
nation,587
dying,586
decide,585
boyfriend,585
pictures,584
secrets,584
johnny,584
stronger,583
hiccup,583
program,582
museum,582
discovered,581
public,581
fingers,581
keys,581
letting,580
shadow,580
harper,580
corner,579
winter,579
twenty,579
yah,579
skin,578
robots,578
dropped,577
fill,577
safety,577
warn,577
fortune,576
silver,575
hanging,575
dressed,575
style,575
curse,575
driver,574
jungle,573
ends,573
students,573
rope,572
chocolate,571
spy,571
coughing,571
buzz,571
darkness,570
optimus,570
names,569
suddenly,569
bringing,569
consider,569
fools,568
flowers,568
bow,568
copy,568
republic,568
purpose,567
lightning,567
swim,567
united,567
larry,567
doll,566
higher,565
rook,565
due,564
deserve,564
shape,564
sake,563
channel,563
damage,563
loser,563
clever,562
fan,560
chest,560
color,560
frank,560
clears,560
temple,560
buzzing,560
jane,559
responsible,558
clue,558
source,558
claw,558
wise,556
fail,556
vacation,556
path,555
nick,555
cars,555
sync,554
innocent,553
grown,553
beeps,553
revenge,553
ruined,552
data,552
hidden,552
sheep,551
smoke,551
roof,551
exciting,551
soldiers,551
doors,550
arrest,550
bones,549
nothin,549
cost,549
although,549
applause,549
gasp,549
technology,549
london,548
pete,548
thief,548
yay,548
guards,547
arthur,547
type,546
ticket,545
snake,545
hoping,544
moves,544
forgotten,544
mirror,543
pressure,543
opening,543
dust,542
sugar,542
apple,542
somethin,542
lift,542
annie,542
cap,541
plus,541
returned,541
sweetie,540
sandwich,539
warriors,539
often,538
oil,537
tells,537
tape,537
whistle,536
student,536
agents,536
mikey,535
soup,534
mail,533
sheriff,533
location,532
zack,532
surrender,531
season,530
total,530
spring,529
east,529
audience,529
delicious,528
winner,528
judge,528
sarah,528
agreed,527
bud,527
bang,526
lad,526
devil,526
remind,526
apparently,526
daphne,526
pinkie,525
stops,524
filled,524
bucks,524
toys,524
oof,524
dimension,524
wash,523
climb,523
destiny,523
enter,522
mouse,522
whether,522
settle,522
whimpers,522
asleep,521
hee,521
forces,521
prepared,521
disappeared,520
kung,520
shifu,520
covered,519
advertise,519
fuel,519
garbage,519
breathing,518
shame,518
shows,518
zelda,518
football,517
council,517
humming,516
chair,515
comin,515
shooting,514
advice,514
hunter,514
zoo,514
potter,513
movies,513
gordon,513
juice,512
paint,512
blind,512
horses,512
freedom,512
nightmare,512
brains,510
soft,510
dramatic,510
common,509
galaxy,509
fella,508
soldier,508
shoe,507
wha,507
jesus,507
costume,507
fleet,506
empire,506
starbuck,506
cook,505
shirt,505
bar,505
distance,505
lion,504
cash,504
draw,504
planning,504
armor,504
junk,503
killer,503
blows,503
systems,503
competition,502
josh,502
held,501
finding,501
belongs,501
rocks,501
ordinary,500
vip,500
exist,500
cats,500
korra,500
picking,499
threw,499
wiii,499
irma,499
destruction,498
machines,498
journey,497
pigeon,497
captured,497
fairy,496
writing,496
gross,496
circus,495
sold,495
detective,495
score,494
rats,494
pony,494
challenge,494
jealous,493
baseball,493
grandfather,493
rose,492
handsome,492
growing,492
noticed,492
original,492
bulk,492
skills,492
pulled,491
introduce,491
terrific,491
research,491
poison,490
pink,490
equipment,490
pirate,490
frog,489
followed,489
lately,489
guns,488
older,486
hurts,486
valley,486
apologize,485
evidence,485
involved,485
gotcha,484
prize,484
hug,484
tall,483
pretend,483
ruin,483
landing,482
approaching,482
gim,482
neil,482
nasty,481
sensei,481
otherwise,480
miracle,480
farm,480
range,480
bottle,480
winning,480
rude,480
senator,480
points,479
lines,479
surface,479
spirits,479
character,478
sees,478
babies,478
rise,477
easily,477
apollo,477
panda,477
knowledge,476
spare,476
deliver,476
opportunity,476
cheer,476
unfortunately,476
mask,476
sooner,475
miley,475
wheel,474
holmes,474
ghosts,474
bee,473
junior,473
whistling,473
familiar,473
kraang,473
usual,472
expecting,471
golden,471
answers,470
stealing,470
stomach,469
tickets,469
planned,469
cory,469
aliens,469
toothless,468
finger,468
jail,468
lonely,467
tongue,467
babe,467
meaning,467
capture,467
maxwell,467
proof,466
crush,466
block,466
guide,465
hill,465
toast,465
easier,465
rush,463
department,463
cow,462
among,462
fancy,461
written,461
oops,461
load,461
magical,461
smells,460
tunnel,459
repeat,459
woods,458
mercy,457
firing,457
clearly,456
worlds,456
proper,455
national,455
lower,455
weight,453
memories,452
credit,451
vernon,451
formula,450
glasses,449
jerry,449
howard,449
enemies,449
lilly,449
zero,448
sending,448
attitude,448
knowing,447
comfortable,447
bitch,447
opens,447
page,447
seek,447
murder,447
coat,446
invited,446
finds,445
permission,445
faith,445
knocking,444
friday,444
sharp,443
realized,443
television,443
blowing,443
file,443
coordinates,443
borrow,442
harder,442
wendy,442
susan,442
matters,441
willing,441
madam,441
cast,441
assignment,441
jetson,441
teddy,441
fixed,440
clown,440
condition,440
crown,440
states,440
pure,440
hearing,439
thomas,439
cyborg,439
wolverine,439
thoughts,438
view,438
balance,438
balls,438
guests,438
vampire,438
spread,437
beam,437
pathetic,437
grunt,437
aaah,436
seemed,436
whispering,436
blew,436
wing,435
rabbit,435
panic,435
riding,435
interest,435
recognize,435
understood,435
scoob,435
opened,434
snap,434
discuss,434
lewis,434
rex,434
wherever,433
legend,432
oliver,432
grove,432
sonic,432
champion,431
whenever,430
hunt,430
crack,430
paying,430
military,430
negative,430
phil,429
chill,429
faces,428
darn,428
ordered,428
pocket,427
useless,427
responsibility,427
boring,427
carl,427
speech,426
mate,426
effect,426
patrol,425
defense,425
weekend,425
impressive,425
midnight,424
surely,424
engines,424
ape,423
afford,423
nonsense,423
indistinct,423
pilot,423
cookies,423
believed,422
joey,422
clark,422
concentrate,421
trade,421
criminal,421
cops,420
personally,420
fruit,420
bowl,420
threat,420
andy,419
bugs,419
grace,418
garden,418
swing,418
disgusting,418
earlier,418
pippi,418
libby,418
pair,417
walls,417
cards,416
began,416
leads,416
hip,416
unit,416
titans,416
diamond,415
ear,415
insane,415
reality,415
bebop,415
tear,414
sire,414
vote,414
electricity,414
xavier,414
arrow,413
prefer,413
restaurant,413
spanish,413
walter,413
goddamn,413
rico,413
burning,412
contest,412
rare,412
guilty,412
barely,412
wood,411
crashing,411
pleased,410
ernie,410
zone,410
screen,409
runs,409
chosen,409
chamber,409
central,409
tricks,408
fought,408
pirates,408
concerned,408
tank,408
katie,408
steve,408
giggling,408
luke,408
walked,407
elephant,407
rough,407
sisters,407
expected,407
sergeant,407
lips,406
wide,406
penny,406
talent,406
prisoner,406
demon,405
brings,405
miserable,405
access,405
rip,404
tour,404
liar,403
hop,402
beer,402
romantic,401
flower,401
checked,401
snoring,401
joy,400
mountains,400
square,400
trail,400
closing,400
logan,400
chad,400
tied,399
trained,399
alfred,399
creepy,398
thud,398
chase,397
aside,397
saturday,397
desert,397
scientist,397
minds,397
jenny,396
lied,395
obvious,395
disappear,395
danny,395
relationship,395
sama,395
500,394
dump,394
announcer,394
goldar,394
shine,393
mood,393
library,393
career,393
add,393
ultimate,393
attacks,393
success,392
vision,392
tune,391
century,391
vehicle,391
frozen,390
hearts,390
emperor,390
daniel,390
desk,389
bats,389
cheers,389
speaks,389
siren,388
failure,388
pulling,388
headquarters,388
ouch,387
marriage,387
trash,387
chain,387
bone,387
martian,387
dirt,386
wine,386
defeated,386
subtitles,385
knife,385
jet,385
friendship,385
halloween,385
tori,385
paris,384
spider,384
caused,384
maggie,384
positive,384
appear,383
direction,383
admiral,383
mia,383
director,383
searching,383
falcon,383
tech,383
mysterious,382
wailing,382
courage,381
regular,381
patient,381
lookin,381
male,381
bike,381
subject,380
dean,380
cody,380
papers,379
mortal,379
brian,379
progress,379
troy,379
showing,378
butter,378
hates,378
cackling,378
spin,377
foolish,377
pounds,377
cleaning,377
belt,377
cannon,377
fully,377
unbelievable,377
amy,377
march,376
bath,376
stark,376
led,376
rogue,376
joker,376
droids,376
tip,374
exact,374
cloud,374
grade,374
sneak,373
duke,373
bread,373
pity,373
yell,373
circle,373
mcqueen,373
sean,373
entrance,372
assume,372
cure,371
awake,371
shower,371
realm,371
latest,371
shouts,371
footsteps,371
helmet,371
carly,371
honking,370
society,370
mum,370
event,370
gettin,370
schedule,370
homework,370
alan,370
hawkeye,370
bride,369
friendly,369
sobbing,369
coughs,369
paul,369
invasion,369
spock,369
model,368
eaten,368
whistles,367
baxter,367
hah,366
odd,366
medicine,366
technodrome,366
activate,365
suspect,364
unusual,364
player,364
kidnapped,364
several,364
dreaming,363
buried,363
learning,363
throwing,363
row,363
elevator,363
benny,363
leo,363
stayed,362
bobby,362
begins,361
thee,361
regret,361
tracks,361
rate,361
pole,360
chip,360
screech,360
eve,359
knight,359
ron,359
slip,359
pride,359
script,359
medical,358
roy,358
cliff,358
doomed,358
kim,358
bro,358
virus,358
charming,357
england,357
cheap,357
tracking,357
assistant,357
hymie,357
applejack,357
letters,356
talkin,356
mile,356
forced,356
thousands,356
defend,356
sub,356
backup,356
sokka,356
presents,355
freddie,355
aha,354
painting,354
squad,354
bay,354
designed,354
lane,354
toward,353
andrew,353
reverse,353
edge,353
net,353
theory,353
process,353
puppy,352
giggles,352
edward,352
anne,352
maurice,352
chances,351
closet,351
gum,350
church,350
bells,349
cage,349
hunting,349
alice,349
extremely,349
frodo,349
waited,348
heavens,348
fallen,348
intend,348
fishing,348
scratch,348
hut,348
core,348
terribly,347
precisely,347
towards,347
raven,347
section,347
hissing,347
fourth,346
200,346
ahsoka,346
carefully,345
factory,345
jacket,345
barney,345
spit,344
confused,344
sand,344
remove,344
fabulous,344
official,344
arrive,344
witness,343
remote,343
cookie,343
claus,343
counting,342
dan,342
distant,342
property,342
brad,342
bastard,341
swimming,341
guardian,341
electronic,341
fury,341
bull,341
mondo,341
hammer,341
statue,340
shock,340
numbers,340
invention,340
changing,340
address,339
changes,339
traitor,339
request,338
bravo,338
wins,338
warned,338
robbie,338
invite,337
maria,337
grandmother,337
woo,337
local,337
deck,337
wax,337
troops,337
sewer,337
donnie,337
loving,336
hank,336
kicked,336
conquer,335
rotten,335
blah,335
bless,334
witches,334
barks,334
stranger,334
telephone,334
cop,334
smash,334
shawn,334
plate,333
stan,333
log,332
solve,332
lousy,332
frightened,331
dum,331
proceed,331
sale,331
dodgers,331
shark,331
disaster,331
luthor,331
elements,330
valuable,330
secure,330
direct,330
link,330
capable,330
velma,330
scoffs,330
terry,330
captioned,330
magnificent,329
post,329
basement,329
karate,329
richard,329
streets,328
reporter,328
highly,328
example,328
gentleman,328
conversation,328
carrying,328
experiment,328
guts,328
minister,328
teen,328
jade,328
russo,328
beware,327
solid,327
pray,327
swamp,327
assure,327
muttley,327
kermit,327
megazord,327
goliath,326
drinking,326
skywalker,326
seats,325
flies,325
sudden,325
tears,325
stopping,325
honestly,325
likely,324
worthy,324
holiday,324
downstairs,324
neat,324
fox,324
william,324
signed,324
aware,324
bound,323
remembered,323
market,323
washington,323
interrupt,323
previously,323
delivery,323
moaning,323
rachel,323
reward,322
desperate,322
gather,322
farewell,322
shrek,322
grew,321
task,321
turkey,321
imagination,321
survived,321
slime,321
droid,321
granny,320
health,320
narrator,320
trusted,320
underground,320
intelligence,320
vincent,320
feeny,320
mummy,319
squeaking,319
studying,319
glory,319
lee,319
sunday,319
concern,319
destroying,319
dawn,318
shoulder,318
patience,318
celebrate,318
chasing,318
wand,318
ended,318
creep,318
que,318
raph,318
silent,317
cooking,317
pound,317
cab,317
carter,317
willy,317
chinese,317
non,317
expert,317
sacrifice,317
pen,316
outfit,316
dating,316
dave,316
chirping,316
suffer,315
bust,315
flat,315
gravity,315
species,315
correction,315
episode,315
bunny,315
messed,315
meal,314
lame,314
wasting,314
sacred,314
account,314
morgan,314
ace,314
opinion,314
kate,314
squealing,314
forth,314
dregg,314
female,313
goat,313
hail,313
spoke,313
pigs,313
solution,313
members,313
series,313
millions,313
mabel,313
anytime,312
tribe,312
sweat,312
becoming,312
shopping,312
penguin,312
ryan,312
rarity,312
managed,311
armed,311
corn,311
trunks,311
halt,310
staring,310
degrees,310
nemo,310
heip,310
retreat,309
beans,309
bloody,309
sometime,309
bucket,309
fetch,309
savage,309
tintin,309
ahem,308
wipe,308
iook,308
controls,308
percent,308
elizabeth,308
mode,308
shuttle,308
impressed,308
throne,307
pitch,307
gear,307
someplace,307
yard,307
selling,307
drunk,307
german,307
supply,307
wah,307
received,306
invisible,306
prisoners,306
protection,306
seal,306
thieves,306
lucy,306
julie,306
elf,306
medal,305
buck,305
whale,305
flew,305
image,305
california,305
chose,305
howling,305
slowly,305
pit,305
voices,305
galactica,305
katara,305
wicked,304
disguise,304
cleo,304
owner,304
ease,304
stairs,304
coast,304
leading,304
raised,304
betrayed,304
miyagi,304
actor,303
beetle,303
piano,303
aim,303
chris,303
flip,303
montana,303
kira,303
fence,302
villain,302
route,302
accent,302
criminals,302
potion,302
thin,301
touched,301
potato,301
gorgeous,301
filthy,301
jesse,301
invented,300
grip,300
stands,300
steps,300
clicks,300
tooth,300
anti,300
larrabee,300
principal,300
gabe,300
ending,299
wire,299
grave,299
theater,299
including,299
attacking,299
behold,298
citizens,298
skip,298
nap,298
moments,298
toilet,298
ratchet,298
tin,297
wrap,297
title,297
bout,297
argh,297
couid,297
manage,296
lair,296
period,296
advantage,296
available,296
kelly,296
checking,296
hollywood,296
carried,295
professional,295
unknown,295
remains,295
suck,294
merely,294
passing,294
airport,294
object,294
goal,294
songs,294
based,294
mob,294
aku,294
knocked,293
plastic,293
martin,293
phase,293
complicated,293
disappointed,293
loss,293
boots,293
cries,293
banks,293
simon,293
jarvis,293
audition,293
surrounded,292
eventually,292
greater,292
autobots,292
victim,291
performance,291
quarter,291
foul,291
embarrassing,291
bags,290
traffic,290
transport,290
golf,290
sports,290
sniffs,290
nuclear,290
snarling,290
teaching,289
wee,289
casey,289
notes,289
burned,289
trini,289
claim,288
begun,288
lessons,288
rolling,288
lawyer,288
reports,288
gates,288
scientific,288
lean,288
presence,288
dealing,288
anakin,288
kraft,288
rocksteady,288
outer,287
dee,287
waves,287
flesh,287
odds,287
bodies,287
physical,287
hired,287
chop,286
pat,286
provide,286
abandoned,286
houston,286
mud,285
locker,285
wheels,285
motor,285
avoid,285
coin,285
creaking,285
sid,285
louis,285
victor,285
bears,284
beloved,284
reached,284
spencer,284
jar,284
scan,284
motion,283
watched,283
steel,283
attempt,283
useful,283
neighborhood,283
staff,283
guitar,283
garage,283
sally,283
milo,283
events,282
tone,282
deadly,282
phantom,282
stood,281
ahhh,281
coward,281
collection,281
desire,281
whew,281
effort,281
biff,281
lets,281
screw,281
messing,281
crap,281
clare,281
repair,280
exit,280
string,280
tests,280
losers,280
ignore,280
sniffing,280
hawk,280
ability,280
fiona,280
sink,279
knees,279
license,279
helen,279
thirty,279
spending,279
dreamed,279
trial,279
directly,279
patch,279
fans,279
reminds,279
hal,279
blaring,279
chuck,279
starscream,279
mix,278
lifetime,278
suspicious,278
located,278
mitch,278
valerie,278
noble,277
nurse,277
peach,277
dollar,277
trace,277
fighter,277
dipper,277
ripped,277
clan,277
mutagen,277
landed,276
entirely,276
spaceship,276
tale,276
banana,276
herbie,276
kowalski,276
humanity,275
beating,275
bedroom,275
breaks,275
terror,275
wishes,275
mistakes,275
timing,275
mechanical,275
ralph,275
insist,274
refuse,274
fifty,274
honour,274
zim,274
fighters,274
adorable,273
mostly,273
jam,273
gill,273
snack,273
electric,273
zuko,273
clouds,272
sector,272
energon,272
existence,271
barn,271
per,271
buying,271
records,271
bum,271
sirens,271
stink,271
anger,271
jeez,271
jordan,271
fluttershy,271
shoo,270
exercise,270
jokes,270
yup,270
fur,270
curious,270
hits,270
beneath,270
doorbell,270
gods,270
snowy,270
f1nc0,270
cruel,269
sport,269
cable,269
manager,269
bait,269
widow,269
replace,269
nights,268
collar,268
hundreds,268
effects,268
bots,268
gorilla,268
blade,268
zap,268
ill,267
deeply,267
punishment,267
blown,267
setting,267
dick,267
photo,267
hockey,267
ding,266
badly,266
popular,266
value,266
beings,266
christ,266
iet,266
false,266
hitting,266
struck,266
gadget,266
drill,266
matt,266
pot,265
recently,265
loyal,265
trophy,265
chanting,265
purse,265
spotted,265
agh,265
orange,265
siegfried,265
monday,264
traveling,264
laundry,264
becomes,264
concert,264
math,264
clone,264
kissing,263
rudy,263
onn,263
ashamed,262
apples,262
contract,262
combat,262
chaos,262
zords,262
emily,261
gifts,261
grateful,261
sauce,261
collect,261
judy,261
foreign,261
awfully,260
parade,260
windows,260
design,260
cutting,260
stanley,260
naughty,260
madame,260
turner,260
worthless,260
vault,260
cabin,259
resist,259
hopeless,259
drag,259
busted,259
hup,259
kissed,259
handed,259
greetings,259
anna,259
generator,259
jamie,259
corrections,259
snotlout,259
finest,258
perform,258
ducks,258
emma,258
media,258
joking,258
aww,258
squadron,258
cos,258
pile,257
symbol,257
chatter,257
university,257
closes,257
favourite,257
text,257
decent,256
signs,256
pushing,256
sequence,256
ash,256
bounty,256
faced,255
puts,255
china,255
300,255
served,255
sealed,255
digging,255
stinks,255
chan,255
brat,254
fifth,254
tournament,254
require,254
safely,253
insurance,253
community,253
marvelous,253
roar,253
monkeys,253
wouid,253
astro,253
fascinating,253
status,253
cove,252
approach,252
unique,252
bubble,252
mac,252
sets,252
british,252
rent,251
drain,251
pipe,251
sail,251
amount,251
missile,251
muffled,251
norman,251
recall,251
francis,251
connection,251
discover,251
mall,251
addic7ed,251
aya,251
happiness,250
quietly,250
dummy,250
stake,250
port,250
sec,250
teii,250
activated,250
elliot,250
tawni,250
obey,249
splendid,249
jumped,249
confidence,249
ham,249
interview,249
suits,249
senior,249
cowboy,249
billions,249
woody,249
supper,248
puppet,248
goose,248
dies,248
touching,248
depends,248
current,248
heavily,248
couch,248
comic,248
explode,248
social,248
nerve,247
rob,247
whispers,247
expensive,247
traps,247
jewel,247
sex,247
solo,247
chicago,247
yikes,247
griffin,247
ethan,247
therefore,246
laid,246
chat,246
thrown,246
rights,246
hated,246
academy,246
mater,246
online,246
zane,246
award,245
scout,245
salt,245
rooms,245
ceremony,245
explanation,245
morph,245
beard,244
extraordinary,244
alley,244
shiny,244
jumping,244
guarantee,244
package,244
satellite,244
receive,244
advanced,244
cylon,244
root,243
eagle,243
lamp,243
delivered,243
scale,243
material,243
dish,243
twins,243
hermione,243
earned,242
legends,242
volcano,242
dessert,242
centuries,242
dna,242
convince,241
talks,241
practically,241
instant,241
shots,241
dang,241
woke,241
abandon,241
weakness,241
quality,241
penguins,241
demons,241
dexter,241
sara,241
elves,241
lex,241
annoying,240
skill,240
demand,240
dozen,240
forms,240
sensitive,240
worm,239
bully,239
toad,239
role,239
sighing,239
murdered,239
bars,239
exchange,239
putties,239
successful,238
slide,238
jobs,238
monsieur,238
quest,238
scum,238
smaller,238
von,238
locate,238
protecting,238
wally,238
slave,237
glorious,237
donkey,237
grass,237
satan,237
reasons,237
taxi,237
tradition,237
iittie,237
chew,237
arts,237
instructions,237
mako,237
screeches,237
beats,236
pleasant,236
holds,236
rubber,236
organization,236
whip,236
eternal,236
radical,236
investigation,236
behavior,236
squirrel,236
felix,236
kenobi,236
sat,235
zeke,235
offered,235
jennifer,235
joined,235
identity,235
smooth,235
returning,235
treated,235
spaceiy,235
kirk,235
shift,235
sewers,235
dylan,235
superhero,235
hopes,234
accepted,234
gray,234
partners,234
considered,234
flame,234
mentioned,234
transmission,234
former,234
gym,234
gandalf,234
tricked,233
thompson,233
sticks,233
frequency,233
punk,233
purple,233
sinister,233
oscar,233
ponies,233
hooded,233
diana,233
detention,233
stays,232
birth,232
bullet,232
twelve,232
younger,232
shout,232
tag,232
studio,232
muttering,232
cameras,232
piggy,232
incredibly,232
otis,232
bumblebee,232
bacon,231
nest,231
charm,231
balloon,231
helps,231
hoped,231
youth,231
mere,231
murmuring,231
violence,231
festival,231
tennyson,231
plain,230
intelligent,230
marks,230
shadows,230
figures,230
lily,230
classic,230
antidote,229
gain,229
mount,229
starving,229
cargo,229
bend,229
services,229
monitor,229
forrest,229
trina,229
particular,228
ant,228
ken,228
magazine,228
dressing,228
downtown,228
suffering,228
exhales,228
crackling,228
sensors,228
gentle,227
taylor,227
float,227
nut,227
mixed,227
fairies,227
zip,227
teams,227
issue,227
blades,227
nancy,227
turbo,227
yoma,227
haunted,226
bolt,226
peanut,226
aid,226
vanished,226
scientists,226
snakes,226
paradise,226
bees,226
hood,226
magneto,226
wallace,226
jayden,226
candle,225
extreme,225
swell,225
ooo,225
torture,225
testing,225
supplies,225
adult,225
technique,225
makeup,225
normally,225
snarls,225
bulkhead,225
alvin,225
woof,224
express,224
hiya,224
naked,224
terms,224
werewolf,224
inspector,224
sue,224
helicopter,224
boog,224
cybertron,224
urko,224
sounded,223
forty,223
nail,223
lisa,223
flow,223
chick,223
smith,223
blaster,223
matthews,223
scrap,222
belly,222
bingo,222
marie,222
iove,222
hooray,222
routine,222
hans,222
thick,222
arrested,222
basketball,222
artoo,222
til,221
hid,221
honored,221
pearl,221
appointment,221
toes,221
separate,221
parties,221
communication,221
parking,221
katherine,221
starfire,221
bolin,221
flag,220
naturally,220
blasted,220
lack,220
sentence,220
coincidence,220
powered,220
tryin,220
wars,220
spells,220
moans,220
inner,220
hurting,219
entered,219
fires,219
quarters,219
minus,219
kinds,219
atlantis,219
mansion,219
results,219
sophie,219
salad,219
necklace,219
warp,219
decepticons,219
meg,219
dumbledore,219
strangers,218
sucker,218
fastest,218
deserves,218
crawl,218
eyed,218
navy,218
temperature,218
tastes,218
cancel,218
minor,218
cleaned,218
yelps,218
clicking,218
electrical,218
muppet,218
enjoying,217
pumpkin,217
jolly,217
backwards,217
brush,217
fights,217
movement,217
baron,217
matthew,217
unicorn,217
obi,217
indy,217
eats,216
nicely,216
spoken,216
succeed,216
slack,216
idiots,216
jewels,216
fantasy,216
toe,216
tent,216
joining,216
unlike,216
beth,216
nighlok,216
incident,215
happily,215
shore,215
los,215
crossed,215
italian,215
mason,215
noises,215
holes,215
vampires,215
clues,215
soda,215
stuart,215
dillon,215
shelter,214
slept,214
burns,214
manners,214
duh,214
delay,214
stretch,214
humor,214
capital,214
investigate,214
cyclops,214
gambit,214
pokémon,214
properly,213
claws,213
authority,213
lover,213
wore,213
catching,213
steam,213
actual,213
artist,213
twist,213
souls,213
brakes,213
programmed,213
barry,213
chaplin,212
rub,212
stitch,212
wreck,212
cart,212
floating,212
site,212
laws,212
dinosaur,212
lou,212
lucas,212
appa,212
dive,211
deer,211
romance,211
selfish,211
officially,211
mars,211
bombs,211
saber,211
damaged,211
amanda,211
facility,211
derek,211
thunderzord,211
icarly,211
pee,210
shy,210
toss,210
wound,210
creation,210
radar,210
newspaper,210
potential,210
argue,210
cracking,210
bean,210
incoming,210
topanga,210
vegeta,210
fooled,209
thou,209
nanny,209
dropping,209
buttons,209
superior,209
excitement,209
peaceful,209
rising,209
computers,209
sons,209
chips,209
version,209
creeps,208
bored,208
sweep,208
fed,208
europe,208
suicide,208
loaded,208
tube,208
echo,208
quack,208
wilson,208
units,208
cutie,208
stewart,208
mcfly,208
coins,207
bargain,207
globe,207
masters,207
native,207
circuit,207
clyde,207
international,207
wallet,207
literally,207
plants,207
fortress,207
abilities,207
duchess,206
wanting,206
sore,206
reporting,206
enterprise,206
diet,206
socks,206
cheating,206
emil,206
louie,206
musical,205
settled,205
muscle,205
france,205
modern,205
drinks,205
smiling,205
healthy,205
uses,205
psychic,205
lanterns,205
carol,205
howdy,204
cursed,204
pockets,204
wears,204
mental,204
puppies,204
pump,204
practicing,204
walker,204
actions,204
riley,204
saiyan,204
vreedle,204
sides,203
term,203
houses,203
beaten,203
offense,203
gunshot,203
relief,203
pod,203
connected,203
vice,203
knights,203
hideous,203
feast,203
cale,203
charmcaster,203
horns,202
frogs,202
trunk,202
arranged,202
charges,202
reputation,202
underneath,202
helpless,202
circumstances,202
wagon,202
whoops,202
championship,202
shouid,202
surf,202
villains,202
baker,201
understanding,201
discipline,201
kings,201
atmosphere,201
enjoyed,201
orbit,201
yee,201
jackie,201
piease,201
convinced,201
network,201
cylons,201
maid,200
stuffed,200
boxes,200
chickens,200
uniform,200
boston,200
random,200
exists,200
avenger,200
sweater,200
betty,200
respond,200
yuck,200
grey,200
internet,200
gohan,200
fever,199
tap,199
believes,199
customers,199
fort,199
goodnight,199
farmer,199
activity,199
maintain,199
solar,199
intruder,199
details,199
imagined,199
ohhh,199
whooshing,199
yeh,199
reveal,198
inch,198
triple,198
shown,198
injured,198
earn,198
pillow,198
grounded,198
granted,198
vessel,198
mankind,198
massive,198
whoosh,198
disk,198
eiroy,198
ellen,198
legal,198
mimi,198
prom,198
shields,198
basket,197
worms,197
behave,197
servant,197
officers,197
drove,197
highest,197
vicious,197
stones,197
placed,197
laboratory,197
drawing,197
restore,197
warehouse,197
display,197
unable,197
noah,197
freddy,197
zoinks,197
arcee,197
odin,197
slipped,196
amen,196
occasion,196
unfortunate,196
feeding,196
racing,196
advance,196
assistance,196
eternity,196
error,196
manny,196
gir,196
dooku,196
tub,195
beef,195
thumb,195
humble,195
doctors,195
pepper,195
oxygen,195
maximum,195
thirsty,194
shining,194
meantime,194
fits,194
families,194
lads,194
battery,194
transfer,194
chapter,194
oid,194
illegal,194
emotional,194
batter,194
flynn,194
hydra,194
headache,193
considering,193
lands,193
education,193
worries,193
throughout,193
mass,193
rescued,193
possess,193
moriarty,193
beck,193
diary,193
dancer,193
chef,193
spray,193
kat,193
duncan,193
stepped,192
forgetting,192
bounce,192
gus,192
handy,192
snorts,192
hire,192
nephew,192
hung,192
searched,192
cleared,192
squeeze,192
bothering,192
kurt,192
crimes,192
astrid,192
nemesis,192
apology,191
upside,191
temporary,191
absolute,191
prevent,191
murderer,191
packed,191
fist,191
forbidden,191
howl,191
ricky,191
shrieks,191
elliott,191
teleport,191
ian,191
mort,191
kuvira,191
hills,190
remaining,190
straining,190
pops,190
breeze,190
plot,190
ropes,190
squawking,190
escort,190
emotions,190
conference,190
cape,190
teens,190
zombie,190
omega,190
probe,190
cowabunga,190
powder,189
ladder,189
martha,189
stations,189
lava,189
sandy,189
oooh,189
wednesday,189
ivy,189
basically,189
gloria,189
guardians,189
cadet,189
apocalypse,189
pudding,188
tries,188
ted,188
loan,188
positions,188
fearsome,188
rattling,188
batteries,188
southern,188
ultra,188
adama,188
gary,188
imperial,187
embarrassed,187
survival,187
frost,187
magnetic,187
ups,187
standard,187
tornado,187
freakazoid,187
fishlegs,187
faint,186
champagne,186
joint,186
japan,186
attached,186
sample,186
robert,186
vital,186
slap,186
files,186
japanese,186
scanner,186
charlotte,186
harmony,186
dory,186
ninjas,186
washed,185
equal,185
generous,185
underwear,185
thus,185
angela,185
pretending,185
opponent,185
thinkin,185
fog,185
cheat,185
stammering,185
tuna,185
rikki,185
miko,185
combination,184
furious,184
plague,184
heal,184
characters,184
charged,184
parrot,184
robbed,184
wilma,184
explosive,184
spark,184
bits,184
option,184
dings,184
sunny,183
wisdom,183
carpet,183
wasted,183
popcorn,183
furniture,183
solved,183
assemble,183
disease,183
players,183
robbery,183
interfere,183
protected,183
gargoyles,183
weenie,183
soos,183
awkward,182
apologies,182
ages,182
comfort,182
fifteen,182
determined,182
entering,182
begging,182
urgent,182
completed,182
possibility,182
ticking,182
observe,182
moron,182
reaiiy,182
result,182
ping,182
environment,182
lizard,181
heave,181
limit,181
seed,181
entry,181
cows,181
engage,181
causing,181
kai,181
despite,181
leaders,181
smarter,181
static,181
não,181
autobot,181
willard,181
separatist,181
ruby,180
beside,180
stream,180
cents,180
honeymoon,180
kicking,180
pushed,180
passengers,180
generation,180
kit,180
crashes,180
earl,180
distract,180
chitty,180
pin,179
swords,179
planets,179
invitation,179
banging,179
painful,179
pitched,179
fried,179
strongest,179
willow,179
toby,179
fuck,179
pika,179
ponyville,179
alike,178
fame,178
clattering,178
accomplished,178
crisis,178
bold,178
trigger,178
loyalty,178
union,178
strategy,178
picnic,178
facts,178
identify,178
herd,178
boulder,178
response,178
visiting,178
communications,178
shrieking,178
cells,178
lois,178
klunk,178
dwarves,178
angeles,177
meow,177
bella,177
walks,177
sleigh,177
tools,177
tasty,177
wolves,177
horror,177
lenny,177
passes,177
commissioner,177
willie,177
saint,177
lure,177
fowler,177
hedgehog,177
bot,177
spellman,177
attend,176
transform,176
western,176
sack,176
cue,176
blanket,176
noon,176
remarkable,176
bowling,176
accidentally,176
whining,176
momma,176
con,176
drug,176
crashed,176
cackles,176
manual,176
watson,176
hisses,176
assault,176
detected,176
charity,175
bid,175
drown,175
mickey,175
struggle,175
prank,175
chemical,175
released,175
spinning,175
sigh,175
grabbed,175
parent,175
crushed,175
johnnie,175
echoing,174
broom,174
vengeance,174
gently,174
drat,174
highway,174
frankly,174
owl,174
tick,174
ants,174
tuesday,174
sandwiches,174
meanwhile,174
compared,174
recipe,174
grief,174
antonio,174
safer,174
freaks,174
albert,174
parker,174
douglas,174
soap,173
poisoned,173
pregnant,173
spots,173
seeking,173
sworn,173
chin,173
colors,173
suitcase,173
craft,173
serving,173
hog,173
consequences,173
oniy,173
paulie,173
jay,173
ogre,173
clones,173
nigel,173
julien,173
hookfang,173
chimney,172
worrying,172
hatch,172
skies,172
engaged,172
davy,172
opposite,172
melt,172
painted,172
debt,172
stinking,172
communicator,172
slade,172
district,172
kyle,172
para,172
sdh,172
aquaman,172
mice,171
cared,171
bishop,171
knee,171
francisco,171
cooper,171
experiments,171
web,171
halfway,171
bark,171
funeral,171
teenagers,171
instrumental,171
circuits,171
squeaks,171
fbi,171
awakened,171
bummer,171
dishes,170
teachers,170
permanent,170
marvel,170
wizards,170
wounded,170
slaves,170
angels,170
inform,170
blossom,170
pets,170
mccoy,170
pattern,170
billion,170
jingle,170
module,170
pterodactyl,170
tyrannosaurus,170
boomer,170
fields,169
county,169
rusty,169
unexpected,169
allergic,169
enormous,169
hush,169
tuck,169
stock,169
bert,169
fashioned,169
slice,169
freezing,169
bury,169
pulse,169
wrapped,169
plug,169
jazz,169
rendezvous,169
secretariat,169
technically,168
drew,168
committee,168
believing,168
roses,168
missiles,168
host,168
treatment,168
appearance,168
styles,168
appeared,168
fang,168
eliminate,168
bending,168
indistinctly,168
limo,168
asshole,168
becky,168
construction,167
celebration,167
smoking,167
rear,167
shove,167
mistaken,167
shaking,167
owns,167
removed,167
nearby,167
indian,167
victims,167
flames,167
signature,167
required,167
hudson,167
softly,167
reunion,167
puss,167
dial,167
groan,167
gathered,166
mermaid,166
texas,166
barbara,166
hunters,166
arriving,166
fortunately,166
explosions,166
undo,166
ruler,166
dusty,166
average,166
pro,166
booster,166
triceratops,166
cece,166
swallow,165
returns,165
tim,165
rider,165
bare,165
passage,165
barrel,165
feared,165
centre,165
wondered,165
reaction,165
liberty,165
developed,165
thursday,165
magician,165
kent,165
actors,165
fusion,165
custody,165
twisted,165
chug,165
chittering,165
gizmo,165
seth,165
dorothy,164
ballet,164
yea,164
feather,164
commercial,164
hostage,164
jonathan,164
hideout,164
angle,164
operator,164
toot,164
blocks,164
dracula,164
increase,164
madness,164
yummy,164
linda,164
fries,164
geek,164
tails,163
giants,163
lazy,163
session,163
buildings,163
secretary,163
objects,163
supreme,163
reindeer,163
intense,163
journal,163
related,163
analysis,163
shrimp,163
mack,163
janet,163
bail,163
noodle,163
emmett,163
listened,162
entertainment,162
impression,162
rage,162
requires,162
africa,162
tons,162
closely,162
recent,162
drum,162
beethoven,162
genie,162
goody,162
kidnapping,162
senate,162
wilbur,162
decepticon,162
marmaduke,162
tigress,162
berk,162
personality,161
golly,161
reverend,161
russian,161
stare,161
homes,161
smee,161
senses,161
vacuum,161
neighbor,161
mortals,161
fanfare,161
reactor,161
foster,161
specific,161
surveillance,161
creating,161
lorraine,161
elvis,161
andre,161
marshall,161
choo,160
auntie,160
curtain,160
temper,160
smack,160
grows,160
agreement,160
sunset,160
fry,160
wretched,160
sticky,160
particularly,160
reinforcements,160
guessing,160
steak,160
earthquake,160
costumes,160
cha,160
diane,160
niece,160
surprises,160
sydney,160
galen,160
hopefully,160
artemis,160
doug,160
tetsuo,160
aqualad,160
lamb,159
lively,159
planted,159
subjects,159
plank,159
ann,159
delightful,159
sings,159
deny,159
preparing,159
ransom,159
tickle,159
slim,159
customer,159
reported,159
underworld,159
wilby,159
homer,159
clamoring,159
cone,159
dolls,159
aaron,159
finster,159
grady,159
theodore,159
bilbo,159
aisha,159
gah,159
troubles,158
feathers,158
bump,158
conscience,158
moose,158
mastodon,158
crawling,158
winds,158
phoenix,158
belle,158
tanks,158
backs,158
ned,158
studied,158
spies,158
ruining,158
weasel,158
comet,158
geez,158
tarzan,158
industries,158
mole,158
shaun,158
attractive,157
seize,157
assassin,157
shave,157
betray,157
logical,157
messages,157
sharing,157
fears,157
visual,157
honks,157
toothed,157
kidnap,157
unison,157
pitstop,157
dip,156
promises,156
glow,156
propose,156
twinkle,156
tink,156
authorities,156
fixing,156
cakes,156
disappoint,156
lawn,156
counter,156
hilarious,156
replaced,156
institute,156
retrieve,156
levels,156
rick,156
você,156
richie,156
jessie,156
thy,155
pork,155
sharks,155
personnel,155
climbing,155
finals,155
lighten,155
arguing,155
chloe,155
password,155
calvin,155
burke,155
pah,155
hairy,154
oughta,154
pour,154
counts,154
offering,154
squid,154
inches,154
cease,154
buddies,154
upper,154
liquid,154
shoulders,154
controlled,154
added,154
loudly,154
attic,154
kangaroo,154
production,154
caii,154
scheme,154
trains,154
tire,154
magnet,154
genetic,154
separatists,154
superboy,154
sayin,153
shrink,153
seeds,153
worn,153
boarding,153
dock,153
roast,153
explains,153
dimensional,153
acid,153
scores,153
deeper,153
boot,153
article,153
bake,153
childhood,153
molecular,153
margaret,153
recover,153
anthill,153
subway,153
dent,153
insult,153
northern,153
flim,153
loki,153
asgard,153
primitive,152
yoo,152
delicate,152
jacob,152
burst,152
adventures,152
scar,152
immortal,152
singer,152
potatoes,152
sketch,152
rays,152
cosmic,152
signals,152
impact,152
efforts,152
critical,152
structure,152
gulps,152
tomb,152
oven,152
tanya,152
screwed,152
readings,152
culture,152
bom,152
trevor,152
boogie,152
juni,152
hagrid,152
diamonds,151
stroke,151
raining,151
snaps,151
violet,151
estate,151
divorce,151
civil,151
helpful,151
pooh,151
announcement,151
slightly,151
tellin,151
apes,151
scent,151
function,151
effective,151
arrival,151
basic,151
herb,151
ancestors,151
passion,151
twin,151
creative,151
phones,151
storage,151
spooky,151
info,151
sucks,151
airbender,151
splash,150
slight,150
poo,150
hint,150
manner,150
anderson,150
directions,150
buster,150
banished,150
produce,150
lordship,150
scaring,150
reasonable,150
strikes,150
inc,150
jubilee,150
judgment,150
colony,150
mature,150
ambassador,150
phew,150
evacuate,150
transmitter,150
cheated,150
indicate,150
empress,150
ali,150
steven,150
lasers,150
viper,150
roxanne,150
kun,150
procedure,149
crossing,149
shocked,149
violent,149
visitors,149
committed,149
glove,149
leak,149
admire,149
costs,149
squeal,149
tennis,149
esther,149
lawrence,149
gamma,149
fishy,149
treating,149
bam,149
element,149
lem,149
hub,149
rito,149
fooling,148
hereby,148
clumsy,148
sting,148
sis,148
rides,148
boats,148
reckon,148
clara,148
radiation,148
clearing,148
bananas,148
broadcast,148
essence,148
flam,148
magnus,148
teresa,148
angus,148
sunshine,147
clip,147
skinny,147
exhausted,147
tide,147
flood,147
drops,147
folk,147
describe,147
talented,147
sixth,147
operate,147
mick,147
cans,147
butts,147
vile,147
fozzie,147
jeans,147
grodd,147
everypony,147
rug,146
hay,146
brick,146
wrath,146
clowns,146
dizzy,146
vast,146
drives,146
visitor,146
hats,146
background,146
focused,146
sock,146
cracked,146
meows,146
dungeon,146
unfair,146
assist,146
comedy,146
revving,146
facing,146
classes,146
glue,146
yawns,146
floyd,146
issues,146
gene,146
deunan,146
laughed,145
summon,145
squeak,145
dot,145
bleeding,145
whinnies,145
daring,145
detail,145
favour,145
destination,145
contrary,145
legendary,145
airplane,145
proved,145
gathering,145
stubborn,145
heather,145
alec,145
burden,145
phony,145
sharon,145
troll,145
recommend,145
heroic,145
priority,145
luther,145
bond,145
footage,145
laura,145
grievous,145
misery,144
lap,144
click,144
fellows,144
sneaking,144
spoil,144
anchor,144
chairman,144
champ,144
complaining,144
louder,144
trucks,144
tales,144
statement,144
complex,144
contain,144
fluffy,144
peek,144
chuckle,144
needing,144
sebastian,144
connect,144
options,144
zapping,144
grid,144
hobbit,144
squawks,143
dough,143
asks,143
spill,143
packing,143
unhappy,143
towel,143
timer,143
cases,143
dinosaurs,143
uniforms,143
asteroid,143
previous,143
limited,143
ceiling,143
achieve,143
client,143
anniversary,143
blocked,143
similar,143
rebecca,143
yum,143
hen,142
practical,142
pills,142
chains,142
hawaii,142
sticking,142
pre,142
pencil,142
escaping,142
limits,142
answered,142
doggy,142
dagger,142
internal,142
goons,142
bullshit,142
degree,141
stunt,141
insects,141
dame,141
wished,141
fritz,141
matches,141
operating,141
beaver,141
yards,141
delighted,141
rome,141
suggestion,141
recognized,141
snacks,141
surgery,141
brake,141
wiped,141
rhino,141
proves,141
dynamite,141
interference,141
vocalizing,141
mayday,141
juliet,141
zombies,141
vortex,141
dani,141
funky,141
gobber,141
bedtime,140
tore,140
badge,140
squirt,140
whee,140
races,140
instance,140
flint,140
butler,140
copper,140
waters,140
patients,140
choking,140
yeller,140
permanently,140
zoom,140
pages,140
resistance,140
diego,140
ambulance,140
choices,140
victoria,140
eugene,140
reptiles,140
sidekick,140
chancellor,140
chased,139
harmless,139
makin,139
clanking,139
platform,139
lip,139
happier,139
shed,139
brats,139
sneezes,139
era,139
item,139
nightmares,139
discovery,139
raw,139
chow,139
hobbs,139
dentist,139
defenses,139
doodle,139
jersey,139
puzzle,139
mid,139
brewster,139
evan,139
zord,139
liver,138
pointing,138
emotion,138
paw,138
presume,138
expression,138
sends,138
beams,138
beta,138
climbed,138
cherry,138
fond,138
caution,138
confirm,138
gratitude,138
sinking,138
pounding,138
bloom,138
booth,138
recording,138
shatters,138
rehearsal,138
iong,138
kay,138
citizen,138
illusion,138
canyon,138
connie,138
poop,138
ally,138
stinky,138
sleepy,137
kindly,137
provided,137
dismissed,137
straighten,137
policy,137
babbling,137
johnson,137
indians,137
pad,137
melody,137
boris,137
generations,137
writer,137
vegas,137
snorting,137
mumbling,137
confirmed,137
programming,137
maniac,137
patrick,137
dumped,137
sham,137
jessica,137
lilo,137
nails,136
stable,136
riddle,136
loop,136
dug,136
raising,136
understands,136
tha,136
frame,136
risky,136
nerves,136
submarine,136
cogs,136
permit,136
workers,136
commence,136
luckily,136
drawn,136
tyler,136
perimeter,136
gonzo,136
bethany,136
toph,136
suffered,135
rhythm,135
satisfied,135
slimy,135
spoon,135
bills,135
fraud,135
waiter,135
fiend,135
influence,135
aircraft,135
nicholas,135
scope,135
underwater,135
cough,135
aunts,135
hubert,135
agency,135
frankie,135
instincts,135
gilbert,135
compliment,135
excuses,135
haircut,135
wrestling,135
chess,135
initiate,135
nova,135
karen,135
jan,135
grundy,135
sparrow,134
possession,134
sorrow,134
spaghetti,134
arrange,134
claims,134
impress,134
demonstration,134
answering,134
territory,134
deaf,134
murphy,134
technical,134
prey,134
recruit,134
booby,134
decisions,134
realise,134
bigfoot,134
barf,134
tannen,134
melman,134
stoick,134
faithful,133
sucking,133
heel,133
exposed,133
cities,133
handled,133
rabbits,133
florida,133
planes,133
brace,133
dearest,133
firm,133
harbor,133
torch,133
fudge,133
bench,133
active,133
dat,133
balloons,133
gut,133
ellie,133
carmen,133
alliance,133
currently,133
nyah,133
coolest,133
shi,133
wade,133
expedition,132
buffalo,132
menace,132
polite,132
announce,132
vow,132
servants,132
belonged,132
holidays,132
rum,132
nations,132
suspected,132
engagement,132
footprints,132
kisses,132
mexico,132
cooked,132
devices,132
targets,132
shortly,132
campaign,132
coal,132
concept,132
hobby,132
drama,132
tragic,132
gorillas,132
mock,132
signing,132
furry,132
struggling,132
controlling,132
reset,132
metallic,132
pizzas,132
stress,132
fridge,132
superstar,132
howls,132
psycho,132
brainiac,132
addams,132
turtlecom,132
voldemort,132
torn,131
dignity,131
wrist,131
nana,131
daily,131
roller,131
automatic,131
reef,131
attorney,131
cruiser,131
pow,131
eleven,131
vicky,131
mustache,131
buzzes,131
upbeat,131
lincoln,131
fountain,131
harold,131
rupert,131
clanging,131
thanksgiving,131
distracted,131
nerd,131
roxie,131
equestria,131
fade,130
kindness,130
represent,130
kills,130
honk,130
miracles,130
bruno,130
rot,130
400,130
warren,130
nervously,130
tempo,130
awaits,130
tax,130
breakdown,130
einstein,130
cleaner,130
contains,130
mini,130
whooping,130
puck,130
ronnie,130
blasters,130
tragedy,129
beak,129
exam,129
repairs,129
bubbles,129
shack,129
hears,129
farther,129
miller,129
bulky,129
bottles,129
immediate,129
endless,129
honorable,129
blessed,129
refused,129
switched,129
shipment,129
operational,129
tearing,129
higgins,129
tracy,129
blend,129
smelly,129
spits,129
debbie,129
disgrace,128
anxious,128
goo,128
disturb,128
fee,128
threatened,128
compass,128
sailor,128
dreadful,128
inspired,128
sobs,128
fortunate,128
volunteer,128
acts,128
cooler,128
daylight,128
neighbors,128
gibberish,128
hon,128
typical,128
dresses,128
cogsweii,128
cereal,128
scooter,128
powering,128
lunatic,128
demands,128
intruders,128
proven,128
crystals,128
explosives,128
breach,128
invincible,128
shells,128
maniacally,128
jeff,128
gail,128
dobby,128
fuss,127
lit,127
keeper,127
ifyou,127
autograph,127
studies,127
sailing,127
marrying,127
lend,127
finishing,127
gunshots,127
governor,127
chorus,127
mooing,127
punished,127
method,127
confess,127
sassy,127
viewing,127
toxic,127
auto,127
cuz,127
crane,127
martial,127
josephine,127
scanners,127
doris,127
han,127
genovia,127
padawan,127
razer,127
arrives,126
choir,126
pays,126
cried,126
commit,126
loses,126
dodge,126
sniff,126
disturbance,126
ton,126
frontier,126
development,126
depend,126
confident,126
molly,126
shred,126
civilization,126
distress,126
branch,126
narrating,126
largest,126
allies,126
dah,126
vulnerable,126
valentine,126
cobra,126
rebuild,126
freaky,126
override,126
jess,126
marv,126
fester,126
mantis,126
odie,126
bigweld,126
gloves,125
chicks,125
hunk,125
arrows,125
roots,125
ofthe,125
haw,125
slightest,125
carriage,125
warden,125
conditions,125
bush,125
wig,125
ahoy,125
height,125
compete,125
reaches,125
tow,125
crusoe,125
drums,125
hooked,125
retired,125
latin,125
disappearing,125
adults,125
sucked,125
rookie,125
motorcycle,125
canada,125
revolution,125
appropriate,125
dont,125
scarab,125
prototype,125
wimp,125
ashley,125
humpty,125
insect,124
graveyard,124
jill,124
grounds,124
daisy,124
appetite,124
organ,124
sunrise,124
hottest,124
daughters,124
assembly,124
tremendous,124
void,124
deserted,124
skate,124
tricky,124
ankle,124
chewing,124
camping,124
thunderclap,124
paws,124
photograph,124
inventions,124
distraction,124
lloyd,124
lin,124
chopper,124
lotus,124
gelfling,124
russ,124
dib,124
kilowog,124
unalaq,124
lick,123
seventh,123
constant,123
wander,123
cotton,123
needle,123
roads,123
washing,123
reporters,123
chores,123
slash,123
atomic,123
hostile,123
bullets,123
shirts,123
stall,123
priest,123
relatives,123
frankenstein,123
slams,123
grumbles,123
bop,123
adopted,123
july,123
commando,123
bracelet,123
flush,123
tense,123
exclusive,123
dwarf,123
clang,123
forge,123
annabel,123
lords,123
cons,123
hollow,122
shoots,122
swallowed,122
cunning,122
inn,122
sixty,122
cooperate,122
afterwards,122
thrilled,122
metropolis,122
puny,122
nora,122
clay,122
thump,122
blank,122
pill,122
punish,122
leadership,122
cedric,122
jasmine,122
determine,122
rumbles,122
threatening,122
guidance,122
eva,122
pancakes,122
conversations,122
mega,122
freaking,122
stealth,122
mojo,122
shane,122
dragonzord,122
xanatos,122
karai,122
border,121
whoop,121
sakes,121
deserved,121
inspiration,121
lassie,121
ink,121
separated,121
cuts,121
duties,121
complain,121
spelling,121
tool,121
gracious,121
voyage,121
hana,121
swore,121
rushing,121
oui,121
shakespeare,121
driven,121
grinding,121
ming,121
artificial,121
cousins,121
fagin,121
bros,121
garfield,121
vada,121
tenzin,121
curtis,120
tender,120
heir,120
occurred,120
register,120
circles,120
attaboy,120
bearing,120
jelly,120
oldest,120
cruise,120
haul,120
dining,120
approve,120
privacy,120
beasts,120
aurora,120
films,120
suite,120
scenes,120
panel,120
parked,120
ski,120
baboon,120
pursuit,120
squeals,120
sloppy,120
conflict,120
transformation,120
dates,120
grinch,120
cindy,120
chimp,120
mel,120
minion,120
fireworks,120
jen,120
earthlings,120
aaaah,120
wasp,120
goten,120
dork,120
scab,120
aggregor,120
hum,119
denied,119
uncomfortable,119
heels,119
deed,119
covering,119
bailey,119
ashore,119
takin,119
tee,119
bitter,119
mutt,119
slam,119
meowing,119
repay,119
greek,119
luggage,119
pals,119
easter,119
crate,119
survivors,119
cocoa,119
rustling,119
creaks,119
suspenseful,119
allen,119
fabric,119
unstable,119
ominous,119
restored,119
michelle,119
pikachu,119
cadmus,119
sofia,119
pace,118
spiders,118
lions,118
seas,118
opera,118
jumbo,118
feelin,118
strains,118
traveled,118
importance,118
machinery,118
bub,118
shaped,118
behalf,118
knocks,118
fuse,118
newest,118
various,118
talents,118
peasant,118
reaching,118
brief,118
intended,118
eastern,118
amusing,118
rod,118
despair,118
nicky,118
outnumbered,118
monstrous,118
cycle,118
detect,118
alternative,118
harrison,118
zeus,118
skating,118
pilots,118
soccer,118
jon,118
monty,118
winnie,118
daryl,118
airbending,118
damned,117
lookout,117
wooden,117
everyday,117
butcher,117
scotland,117
habit,117
saddle,117
calculations,117
marked,117
starboard,117
ruled,117
receiving,117
strip,117
oak,117
dragged,117
eww,117
hack,117
dome,117
crab,117
rash,117
hustle,117
spear,117
exclaims,117
rebels,117
scrappy,117
dolphin,117
rory,117
instruments,116
waitin,116
gag,116
judges,116
print,116
rebel,116
disturbing,116
rightful,116
filling,116
clucking,116
leather,116
smashed,116
cub,116
sounding,116
accused,116
sixteen,116
annual,116
rumors,116
teenager,116
burnt,116
borrowed,116
comment,116
jewelry,116
menu,116
shirley,116
disc,116
tractor,116
schools,116
affirmative,116
hangar,116
overload,116
vince,116
resources,116
primary,116
lightsaber,116
gump,116
brlareos,116
pies,115
divine,115
hike,115
waltz,115
shortcut,115
spoiled,115
terrified,115
accomplish,115
angie,115
labor,115
sorts,115
steer,115
nearest,115
muffin,115
miami,115
est,115
assigned,115
dedicated,115
fork,115
wandering,115
rally,115
ruins,115
sang,115
marcus,115
razor,115
bandits,115
creed,115
shared,115
fuzzy,115
bizarre,115
requested,115
whines,115
surfing,115
blake,115
replacement,115
jerks,115
prep,115
hamilton,115
scouts,115
marlene,115
mei,115
mackenzie,115
kronk,115
lood,115
celestia,115
goblin,114
axe,114
lighter,114
growl,114
anyhow,114
porch,114
yippee,114
banner,114
brute,114
germany,114
palm,114
witnesses,114
anthony,114
rover,114
handling,114
arsenal,114
mae,114
tennessee,114
loading,114
runnin,114
chum,114
armada,114
producer,114
cracks,114
ernst,114
lever,114
grades,114
hose,114
aiways,114
interrupting,114
cartoon,114
ferris,114
vegetables,114
pond,114
katana,114
igor,113
bald,113
elephants,113
orphan,113
notion,113
robe,113
executive,113
bonus,113
mustard,113
benefit,113
grasp,113
invaded,113
breed,113
juicy,113
candles,113
bass,113
measure,113
herr,113
population,113
profile,113
thumbs,113
corps,113
masks,113
plumber,113
unconscious,113
tomato,113
gala,113
blocking,113
leaf,113
yow,113
glowing,113
chunk,113
gollum,113
varrick,113
movin,112
mouths,112
genuine,112
individual,112
psst,112
paddle,112
lemonade,112
pyramid,112
dull,112
addition,112
maker,112
dime,112
fitting,112
watches,112
buns,112
altitude,112
protective,112
bon,112
leap,112
traditional,112
political,112
und,112
fierce,112
lecture,112
mistress,112
fearless,112
gravy,112
joan,112
thuds,112
morris,112
marine,112
señor,112
sensor,112
await,112
unleashed,112
xing,112
momo,112
jinora,112
bah,111
thirteen,111
caves,111
clarence,111
recorded,111
rapidly,111
amigo,111
wrecked,111
glen,111
edgar,111
phrase,111
jammed,111
disguised,111
yip,111
sausage,111
communicate,111
locks,111
unleash,111
terrifying,111
combined,111
cooing,111
exclaiming,111
yhe,111
flik,111
asami,111
meatlug,111
grumbling,110
meddling,110
argument,110
touches,110
cinderella,110
underestimate,110
eager,110
chart,110
creek,110
overcome,110
advise,110
mystic,110
americans,110
travis,110
defending,110
payment,110
broadway,110
activities,110
slipping,110
burger,110
reserve,110
cube,110
lance,110
scanning,110
souvenir,110
scheduled,110
diaper,110
celebrity,110
scroll,110
mutation,110
cafeteria,110
origin,110
roxy,110
helsing,110
freaked,110
kaneda,110
lola,110
dastan,110
wishing,109
trumpet,109
tend,109
flea,109
drank,109
heap,109
guessed,109
hallelujah,109
lemon,109
rodney,109
cheek,109
priceless,109
gladly,109
correctly,109
declare,109
baked,109
imitating,109
formation,109
actress,109
cruella,109
buzzer,109
bites,109
wart,109
cannons,109
budget,109
collins,109
closest,109
elsa,109
winston,109
vermin,109
queens,109
val,109
soundwave,109
dana,109
unstoppable,109
bernard,109
elisa,109
akeelah,109
engineer,108
lighting,108
rolls,108
frighten,108
ditch,108
collecting,108
muscles,108
cigarette,108
comb,108
plates,108
sled,108
pistol,108
cups,108
mana,108
explained,108
contained,108
layer,108
speaker,108
booty,108
corporation,108
moses,108
demonstrate,108
unlock,108
inhales,108
assumed,108
rack,108
reflection,108
protocol,108
obsessed,108
lobster,108
input,108
capacity,108
punks,108
android,108
lydia,108
benjamin,108
sabretooth,108
snape,108
venjix,108
bravery,107
spectacular,107
attempted,107
strings,107
reception,107
stiff,107
nay,107
absurd,107
wives,107
gal,107
ribbon,107
mornin,107
goods,107
harsh,107
spying,107
butch,107
mines,107
praise,107
rap,107
review,107
outrageous,107
champions,107
quiz,107
ursula,107
piace,107
duel,107
scarf,107
sadly,107
blasting,107
suggesting,107
yaah,107
affected,107
deals,107
curly,107
mumble,107
teamwork,107
iust,107
importantly,107
mace,107
slappy,107
sal,107
airbenders,107
chairs,106
tops,106
missy,106
rust,106
violin,106
thrill,106
butterfly,106
racket,106
profit,106
donald,106
cattle,106
moonlight,106
prayer,106
tables,106
whereabouts,106
overboard,106
improve,106
ganda,106
observation,106
differently,106
cured,106
fathers,106
messenger,106
pinch,106
avenue,106
heights,106
daniels,106
chemicals,106
oath,106
lovers,106
napoleon,106
necessarily,106
resort,106
wires,106
shorts,106
ripping,106
ram,106
instinct,106
rice,106
hunch,106
destruct,106
federal,106
involve,106
gunther,106
revs,106
mint,106
tunnels,106
pegasus,106
yoda,106
amulet,106
geeks,106
swampfire,106
smelled,105
dried,105
mist,105
instantly,105
hiccups,105
goofy,105
disturbed,105
overnight,105
financial,105
pipes,105
disagree,105
june,105
noodles,105
precise,105
ginger,105
worker,105
transportation,105
depressed,105
pai,105
macintosh,105
dealt,105
affect,105
outstanding,105
zilly,105
sulu,105
puke,105
scatting,105
defence,105
1985,105
problemo,105
giselle,105
hogwarts,105
lone,104
maiden,104
performing,104
carnival,104
growth,104
gypsy,104
suckers,104
sneaky,104
skirt,104
iast,104
divide,104
larger,104
springs,104
tested,104
madman,104
wonders,104
wildest,104
dandy,104
atom,104
murray,104
switching,104
stiii,104
antique,104
yankee,104
concentration,104
tutor,104
popping,104
multiple,104
countries,104
kong,104
attempting,104
canceled,104
smiles,104
kicks,104
global,104
klaus,104
poster,104
animation,104
dammit,104
nuh,104
warbling,104
audrey,104
intel,104
harrangue,104
resting,103
slick,103
apprentice,103
workin,103
drowned,103
strict,103
trainer,103
engineering,103
banquet,103
scattered,103
exception,103
logic,103
wealth,103
mobile,103
meets,103
subtle,103
confusion,103
division,103
pits,103
mill,103
blonde,103
whisper,103
astronaut,103
touchdown,103
umbrella,103
terminal,103
battles,103
pussycat,103
ambush,103
benson,103
preston,103
attraction,103
challenger,103
oom,103
liz,103
sauron,103
bodacious,103
gibby,103
grunkle,103
misty,102
intention,102
toots,102
rode,102
rumor,102
cemetery,102
sour,102
delivering,102
transferred,102
dispose,102
pale,102
packs,102
messy,102
smashing,102
responding,102
runt,102
fails,102
explaining,102
chet,102
yak,102
eclipse,102
robbing,102
occupied,102
beacon,102
manhattan,102
therapy,102
dooby,102
patty,102
drugs,102
slurping,102
toaster,102
gig,102
doggie,102
polar,102
mowgli,102
peep,102
dale,102
todd,102
captioning,102
grail,102
thumbelina,102
watchtower,102
gromit,102
edmund,102
scoop,101
rosie,101
chap,101
rifle,101
flavor,101
suitable,101
randall,101
deposit,101
drowning,101
guinea,101
rubbish,101
misunderstanding,101
rockets,101
rocked,101
retire,101
gigi,101
gem,101
luna,101
ego,101
kite,101
explore,101
assured,101
powerless,101
spreading,101
generated,101
athena,101
healing,101
vehicles,101
vader,101
bane,101
serpent,100
whatcha,100
hardest,100
serves,100
pierre,100
peculiar,100
christopher,100
strictly,100
viking,100
alligator,100
tougher,100
squash,100
betsy,100
diving,100
shutting,100
dice,100
chemistry,100
barbecue,100
guilt,100
carrots,100
knuckles,100
sprocket,100
rapid,100
stranded,100
pitcher,100
perish,100
judging,100
hatred,100
caesar,100
wrecking,100
dodger,100
include,100
dam,100
goblins,100
transporter,100
drained,100
cole,100
erica,100
hamlet,100
weerd,100
gator,100
robotic,100
miranda,100
ringtail,100
laritate,100
flute,99
subtitle,99
rodent,99
stepping,99
curiosity,99
davis,99
taller,99
loads,99
affair,99
ingenious,99
drifting,99
shaft,99
lid,99
fragile,99
threaten,99
mechanism,99
clayton,99
pressing,99
iooking,99
photos,99
imitates,99
throws,99
ashes,99
execute,99
vulture,99
approval,99
villagers,99
organic,99
groups,99
thudding,99
wheeljack,99
olaf,99
akira,99
amon,99
recovered,98
fare,98
penalty,98
straw,98
scarecrow,98
excellency,98
pine,98
priscilla,98
blazes,98
ranch,98
stores,98
refrigerator,98
iate,98
rescuing,98
contestant,98
crook,98
bolts,98
polly,98
sized,98
kiddo,98
factor,98
donna,98
greet,98
sleeve,98
worship,98
combine,98
grandson,98
hoid,98
suspended,98
treacherous,98
knockout,98
embassy,98
bunk,98
onboard,98
untie,98
codes,98
trailer,98
greedy,98
sputtering,98
summers,98
burt,98
humiliating,98
divorced,98
orion,98
relic,98
tia,98
thorndyke,98
armies,98
petey,98
controller,98
snot,98
payback,98
mcphee,98
