,frequency
of,31189
the,20299
hurricane,5158
and,4519
season,3527
history,3315
john,3030
in,2855
united,2816
new,2713
atlantic,2682
de,2223
list,2221
language,2183
south,2170
states,2142
university,2012
national,1992
war,1989
for,1986
world,1782
a,1763
river,1726
british,1714
"county,",1467
george,1445
tropical,1426
north,1416
ii,1406
park,1347
music,1346
american,1325
grand,1309
england,1307
storm,1291
florida,1288
wales,1272
province,1255
kingdom,1234
international,1201
william,1196
to,1195
battle,1193
australia,1162
f.c.,1160
james,1149
rail,1149
(moon),1148
henry,1129
charles,1118
michael,1117
one,1099
wikipedia:requests,1045
party,1044
red,1031
i,1029
state,1020
city,1019
&amp;,1017
iowa,1010
la,1005
london,969
station,954
formula,941
david,941
class,928
mediawiki:titleblacklist,916
paul,916
great,910
robert,885
peter,877
bill,876
von,871
2,870
victoria,860
survivor:,855
wwe,848
railway,822
mary,821
pacific,820
on,816
alabama,814
thomas,810
island,804
(band),803
game,798
york,785
system,776
france,773
internet,760
human,759
day,758
series),754
emperor,736
life,734
oklahoma,730
jane,729
west,728
league,727
last,726
royal,717
russia,717
ancient,716
time,710
india,707
black,703
san,701
football,697
(opera),696
carolina,695
joseph,690
germany,685
harry,684
republic,681
star,676
wrestlemania,673
people,672
district,669
theory,667
edward,666
movement,664
evolution,651
brothers,638
sea,637
art,630
county,627
white,622
martin,621
acid,614
orchestra,608
seasons,606
indian,605
church,604
college,600
marilyn,599
prix,598
valley,595
mario,592
california,590
richard,589
christian,589
cup,588
bridge,586
australian,585
st.,584
number,579
robinson,579
rock,578
da,577
lee,576
death,573
jesus,569
flag,566
king,564
virginia,561
lake,560
cathedral,559
line,559
english,555
house,555
civil,554
revolution,550
(tv,548
jackie,545
circuit,542
(album),541
book,540
kentucky,539
school,539
jackson,537
jack,534
2011,532
french,530
arthur,527
monroe,527
(2007),526
man,524
louis,522
log,521
mark,520
albert,519
illinois,517
games,517
roman,516
bird,516
order,513
empire,512
3,511
mount,507
series,505
muhammad,503
super,498
(song),496
union,493
die,487
islands,486
alaska,485
club,484
frank,483
(music),483
government,482
potter,480
with,479
iii,479
2008,477
duke,475
raid,474
duchess,473
stadium,473
earthquake,473
energy,468
air,468
van,466
arnold,465
baseball,463
template:infobox,462
computer,460
architecture,457
road,455
airbender,453
green,453
christianity,452
princess,452
potassium,452
texas,451
hamilton,449
anna,448
wood,448
austen,446
age,445
independence,442
le,442
lewis,441
2010,441
open,439
(2006),436
organ,436
pakistan,435
elizabeth,433
east,431
chess,430
(video,429
law,428
ford,428
(2005),428
nuclear,425
racing,421
saint,420
lord,420
army,417
kurt,415
heart,414
team,413
young,412
jean,412
anne,412
free,411
alexander,410
manchester,410
avatar:,410
hall,410
w.,408
earth,408
first,408
central,407
adams,406
engine,406
holy,402
st,402
(novel),402
karamazov,400
shadow,398
science,398
josã©,396
chloride,394
edmund,394
washington,393
sodium,393
chris,392
frederick,392
nikolaevna,391
wikipedia:advanced,391
my,390
don,388
pope,385
christmas,385
oxide,383
nhl,381
ontario,381
(series),381
bobby,381
fire,379
hot,378
tamil,376
dance,375
johann,373
carl,373
game),373
european,372
council,372
japan,371
sun,369
benedict,369
ken,368
prince,368
joe,368
rights,367
berlin,363
bank,361
port,360
space,357
lightning,357
code,356
lady,356
2006,355
opera,355
cell,355
del,354
three,353
cyclone,352
hugo,351
rings,350
israel,350
olympics,349
major,348
uncle,347
switzerland,346
street,346
little,346
constitution,345
gothic,345
electric,345
it,344
carlos,343
company,343
song),342
santa,341
sergei,339
rule,338
poland,336
award,335
ernest,335
film),335
china,335
division,334
franz,333
los,333
mosque,333
kelly,332
korea,332
(number),330
western,330
camp,329
explorer,329
library,327
network,327
america,327
animal,326
tina,325
concentration,323
greece,323
henson,322
korean,322
museum,322
lost,322
jr.,322
brown,321
reception,321
steve,321
matrix,319
romania,318
wikipedia,317
scotland,317
hercules,317
festival,316
mediawiki:common.css,316
florence,316
melbourne,316
night,315
kansas,315
power,315
final,313
chinese,312
twilight,312
anastasia,311
wolfgang,311
kim,311
alfred,310
bay,309
symphony,309
metal,309
characters,309
wikipedia:upload,309
classical,308
water,308
cabin,307
samuel,307
johnson,307
control,305
oregon,305
golden,305
summer,305
democratic,305
kakadu,305
curitiba,305
motor,305
daniel,304
blood,304
sarah,304
tim,304
queensland,303
gettysburg,303
wrestling),303
(professional,303
tom's,302
louise,301
basilica,301
(mythology),301
cross,301
britain,300
beatles,300
cape,299
by,299
mobile,298
victor,298
indiana,297
scottish,297
arizona,296
edwards,295
billy,294
wisconsin,294
gustav,294
graham,293
howard,293
disorder,292
vinci,292
fiction,290
friedrich,290
zinc,290
leonardo,289
dog,288
wing,288
jimmy,288
inuyasha,287
1,287
ali,287
tramway,287
angeles,286
town,285
mechanics,285
rhythm,284
fitzgerald,283
tom,283
pokã©mon,282
plant,282
sulfate,281
2005,281
einstein,280
airport,280
philharmonic,279
tree,279
marie,278
invasion,278
africa,278
olympic,276
security,276
maria,276
anton,275
di,275
bear,275
treaty,275
policy,274
(film),272
department,272
bbc,271
scott,271
abortion,271
lincoln,271
renaissance,270
stanley,270
institute,270
j.,269
dragon,269
film,269
year,269
idaho,269
apple,268
machine,267
interstate,267
castle,266
me,266
saxony,264
secret,264
peninsula,264
afghanistan,264
sichuan,263
pablo,263
social,263
be,263
giant,262
wars,262
mikhail,261
quantum,261
(2009),261
zack,259
society,259
winter,258
mass,258
nudity,257
abiogenesis,257
jersey,257
band,256
place,255
khan,255
name,255
you,254
(season,254
emoticon,254
dead,254
digital,254
1990,253
judaism,253
zone,253
canada,253
amazon,253
formatting,253
(in,252
land,252
calvin,252
philip,251
garden,251
(character),251
address,251
arkansas,251
russell,249
pipe,248
second,247
neptune,247
karl,247
guitar,247
malaria,247
livingstone,246
spain,246
convention,245
old,245
aisne,245
singapore,245
rainforest,244
good,243
death),243
temple,243
cuba,243
halo,243
musical,243
center,242
sex,242
windows,241
ice,241
(2007,241
gas,241
common,241
andrea,240
bad,240
model,240
isle,239
arctic,239
parliament,239
key,239
columbia,239
hard,239
license,237
silver,237
boy,237
fox,237
ludwig,237
african,237
terabithia,236
love,236
palau,236
political,236
universal,236
hemingway,236
chemical,235
tv,235
chocolate,234
hill,234
from,233
championship,233
group,233
jones,233
billie,232
gabriel,232
grey,232
iv,232
gene,232
moore,232
modern,231
all,231
tehsil,231
peter's,231
el,230
legend,230
culture,230
video,230
maine,228
balukas,228
wikipedia:deletion,228
wilhelm,228
theatre,228
kashmir,228
brian,227
(butterfly),227
italian,227
cosworth,227
corporation,227
stuart,227
cancer,226
solar,226
airlines,226
pennsylvania,226
horse,226
der,225
tube,224
crime,223
plata,223
kangaroo,223
live,223
lion,223
no,223
linux,223
google,223
hannibal,223
percy,223
blue,222
edgar,222
ocean,222
ned,222
slide,222
show,222
engineering,222
blues,221
francis,221
denmark,221
cat,221
hockey,221
netherlands,221
isaac,221
color,221
nitrate,221
vladimir,220
light,220
minor,220
yellow,220
4,220
child,220
ray,220
simon,220
simpson,220
michigan,219
b.,219
raw,218
panama,218
sebastian,218
dynasty,218
underground,218
2007,217
wilson,217
wadsworth,217
religion,217
longfellow,217
roosevelt,216
gironde,216
girl,216
mtr,216
queen,216
wagner,216
service,216
trade,215
scale,215
speedway,215
federal,215
"albany,",215
body,214
prefecture,214
1st,213
radio,212
suit,212
butterfly,212
circle,211
table,211
particle,211
smith,211
arsenic,210
committee,210
chamberlain,210
languages,209
georgia,209
records,209
2009,209
household,209
carter,209
middle,209
anthony,208
(mathematics),208
at,208
echidna,207
dinosaurs,207
benjamin,207
puberty,207
bros.,207
fey,206
egypt,206
brain,206
mouse,205
disease,205
wall,205
carbon,205
antimony,205
nazi,204
andrew,204
s.,204
robin,204
big,203
sexual,203
cricket,203
calvados,203
bell,202
11,202
"beach,",201
monarch,201
force,201
natural,201
japanese,201
marriage,201
grace,201
1997,201
politics,201
gabrielle,200
spider,199
bible,199
paris,199
y,199
wizards,199
high,199
lithium,199
hans,198
wikipedia:peer,198
max,198
medical,198
dominican,198
fluoride,198
komodo,198
review/archive,198
(2008),198
francisco,197
board,197
bull,197
assembly,197
is,197
eddie,197
barry,197
"city,",196
julius,196
(biology),196
vii,196
erection,195
austria,195
williams,195
suite,195
bob,194
down,194
hydroxide,194
vlad,193
ten,193
cowboy,193
gundam,193
subway,193
progress,193
conference,193
impaler,193
thompson,192
doctor,192
waverly,192
hearts,192
arts,192
norton,191
rulers,191
walter,191
bush,191
noble,191
julia,191
caesar,191
television,191
identity,190
jinnah,190
northern,190
mike,190
song,190
drinker,190
00,190
farce,189
nelson,189
bat,189
author's,189
mexico,189
oil,188
food,188
thief,187
protocol,187
who,187
atomic,187
cope,187
elephant,186
universe,186
members,186
pas-de-calais,186
tony,185
snake,185
barium,185
boris,185
depression,185
auschwitz,184
amadeus,184
dam,184
eisenstein,184
fifa,184
sã£o,184
warcraft,184
generation,184
eastern,183
mercury,183
dream,183
johannes,183
ohio,183
prime,183
iodide,183
michelle,183
do,183
jonathan,183
astronomy,182
geography,182
tagore,182
stevens,182
burnham,182
(bushranger),182
bach,182
rabindranath,182
wikipedia:friendly,182
coldplay,182
rome,181
uniform,181
collins,181
cody,181
philosophy,181
iron,181
k.,181
wind,181
way,181
principle,180
tower,180
kennedy,180
ain,180
hussein,180
chicago,180
hair,179
algorithm,179
dawn,179
moon,179
serial,179
german,179
smackdown,179
juan,179
crisis,178
5,178
climate,178
brief,178
carlo,178
boeing,177
saddam,177
forest,177
association,177
pierre,177
georges,177
bromide,177
patrick,177
transit,176
fort,176
tire,176
r.,175
soundgarden,175
virgin,175
gun,175
fish,175
typhoon,175
weather,175
gulf,174
minnesota,174
danny,174
(u.s.,174
eagle,173
civilization,173
2004,173
ed,173
oliver,172
copper(ii),172
canadian,172
premier,172
fuel,172
moscow,171
point,171
heinrich,171
johnny,171
igor,171
geneva,171
wikipedia:editor,170
dormouse,170
truman,170
god,170
massachusetts,169
disaster,169
two,169
gimnasia,169
esgrima,169
crystal,169
gunpowder,168
saffron,168
albatross,168
(constellation),168
square,168
mountains,168
sleep,167
pearl,167
animated,167
physics,166
dave,166
iodine,166
mirza,166
gordon,166
survivor,166
software,165
kerouac,165
taylor,165
card,165
effect,165
intelligence,165
chapel,165
sound,165
chemistry,165
hydrogen,165
luther,164
tyler,164
selenium,164
gilbert,164
commons,164
cycle,163
2000,163
ivan,163
eye,163
adventure,163
bionicle,163
pat,162
tea,162
interest,162
whedon,162
morning,162
syndrome,162
building,162
album),162
article,162
giovanni,162
prussia,161
leakey,161
hinduism,161
sauber,161
status,161
country,161
warrior,161
heat,161
concerto,161
al,161
liu,161
mars,161
transport,160
eleanor,160
rabbit,160
president,160
calcium,160
kevin,160
michelangelo,160
palace,159
joan,159
luis,159
wikipedia:text,159
basketball,159
plot,159
violin,159
warming,159
ted,159
fischer,159
alphabet,159
abbey,159
indianapolis,158
speed,158
3d,158
mask:,158
tale,158
derby,158
medieval,158
deming,158
roger,158
justin,157
relay,157
carom,157
jupiter,157
paralympic,157
cole,157
islam,157
police,157
billiards,157
search,157
public,156
greenland,156
flight,156
h.,156
russian,156
bass,156
mimicry,156
orange,156
marion,156
raymond,156
lorenzo,156
amos,156
hound,156
mystery,156
2003,155
ayers,155
jim,155
husserl,155
guqin,155
long,155
christ,155
minardi,155
eric,155
"election,",155
chili,155
ross,155
greek,155
court,155
ireland,154
rainbow,154
irish,154
phil,154
ferdinand,153
four,153
christopher,153
magic,153
microsoft,153
vietnam,153
beethoven,153
real,153
experiment,153
tiger,153
asia,153
floyd,153
cloud,152
tori,152
d.,152
instrument,152
2002,152
22,152
borat,151
jeff,151
madrid,151
pandora,151
nixon,151
reef,151
peppers,151
sagdiyev,151
rapid,151
larry,150
foundation,150
europe,150
paper,150
2001,150
massacre,150
reagan,150
attack,150
cattle,150
mã¼ller,149
stone,149
cecilia,149
andreas,149
chronicles,149
cadmium,149
rubber,148
hobbes,148
judah,148
des,148
southampton,148
sulfide,148
georg,148
us,148
jan,148
malcolm,148
gaza,148
flute,147
blackpool,147
trophy,147
socialist,147
wikipedia:avoiding,147
let,147
tasmania,147
joss,147
presidential,147
ernst,146
box,146
titan,146
masturbation,146
faith,146
chat,146
web,146
race,146
against,146
6),146
2:,145
opeth,145
hughes,145
electricity,145
ana,145
(ship),145
dick,145
puerto,145
dollar,145
xena:,145
august,145
crab,145
text,145
data,145
alex,144
xiv,144
fantasy,144
an,144
century,144
gnu,144
nukem,144
stephen,144
figaro,144
economics,143
roll,143
design,143
memorial,143
mighty,143
whale,143
theodore,143
hector,142
academy,142
taiwan,142
berlioz,142
neil,142
bus,142
ship,142
calendar,142
uefa,142
ante,142
dan,141
frances,141
demilitarized,141
rodgau,141
movie,141
pink,141
harrison,141
beetle,141
floods,141
dennis,141
vampire,141
secretary,141
1994,141
controversy,141
entertainment,140
theorem,140
tour,140
garret,140
chernobyl,140
1810â1819,140
creed,140
diode,140
ejaculation,140
standard,140
your,140
sylvester,140
giacomo,140
holiday,140
field,140
turbocharger,140
wallace,140
change,140
writing,140
watson,139
(disambiguation),139
organization,139
no.,139
alliance,139
mickie,139
armenia,139
wrestling,139
2010â2011,139
stravinsky,139
douglas,139
xxiv,139
dark,139
studios,139
cache,139
atom,139
nations,138
birth,138
captain,138
basil,138
serfdom,138
research,138
tiny,138
drive,138
product,138
manuel,138
all-stars,138
hermann,138
officer),138
breaking,138
feud,138
curse,138
gerry,138
rise,138
mahler,138
leo,138
mcdouall,138
shelf,138
most,137
boston,137
aaron,137
las,137
books,137
todd,137
davis,137
got,137
peace,137
disney's,137
frieza,136
gary,136
nancy,136
messaging,136
firefly,136
period,136
braille,136
lisa,136
vitamin,136
mountain,136
lucius,136
claudio,136
programming,136
function,136
ben,135
ronald,135
genetics,135
general,135
elijah,134
fritz,134
emergency,134
leader),134
income,134
cartoon,134
short-beaked,134
elevator,134
x,134
even,134
1999,134
1996,134
conservation,134
mall,133
disney,133
(geology),133
bloc,133
verus,133
zealand,133
homo,133
desert,133
religious,133
champions,133
airbus,133
episodes,133
emanuel,133
arms,133
home,132
wikipedia:conflict,132
zoo,132
"arthur,",132
rescue,132
hail,132
gland,132
maurice,131
area,131
coding,131
prison,131
wheel,131
flotilla,131
hood,131
users,131
carbonate,131
bamberg,131
pete,130
friends,130
chamber,130
chuck,130
stewart,130
stallone,130
bethlehem,130
notation,130
rumble,130
miles,130
(philosophy),130
environment,130
radiation,130
paulo,130
america's,130
nadu,129
congress,129
dioxide,129
fc,129
siegfried,128
cold,128
electron,128
wikipedia:no,128
anti-tobacco,128
canterbury,128
piper,128
adolf,128
saudi,128
women's,128
stock,128
problem,127
abraham,127
(dog),127
authority,127
cavendish,127
freud,127
verb,127
santiago,127
tekken,127
(state),127
salvador,127
diego,127
keynes,127
agency,127
f.,127
wii,126
hull,126
territory,126
hendrix,126
claude,126
jimi,126
ultra,126
strait,126
flash,126
craig,126
charlotte,126
(irish,126
morgan,126
act,126
michel,126
toronto,126
calculus,125
virus,125
philippines,125
ella,125
cipher,125
lotus,125
rubinstein,125
geology,125
current,125
ustaå¡e,125
biology,125
penguin,125
jerry,125
d'orlã©ans,125
i've,125
influenza,125
you're,125
italy,125
om,124
instant,124
antonio,124
units,124
northwest,124
barrier,124
development,124
han,124
cooper,124
santos,124
wales),124
bernard,124
catherine,124
head,124
anti-nuclear,124
leeds,123
global,123
ii:,123
eucalyptus,123
21,123
diabetes,123
warner,123
maya,123
(police,123
(xena),123
office,123
family,123
mathematical,123
deer,123
rat,123
laws,123
rice,123
fall,122
rugby,122
xx,122
education,122
grameen,122
dodd,122
spring,122
bruno,122
cayce,122
stresemann,122
missile,122
earl,122
wesley,122
kavirondo,122
finland,122
c,122
tramways,122
february,122
journalism,122
masaccio,122
(new,122
htc-highroad,122
les,122
timberlake,122
(warriors),122
like,121
soviet,121
linda,121
luigi,121
silent,121
carrow,121
market,121
colorado,121
franklin,121
sugar,121
marvin,121
special,121
s.t.a.l.k.e.r.:,121
rose,121
jessica,121
geisha,121
squid,120
(musician),120
smash,120
(province),120
mythology,120
organic,120
arabia,120
yu-na,120
holloway,120
langston,120
algae,120
cave,120
gaye,120
bronze,119
ian,119
gein,119
wayne,119
trek,119
turner,119
process,119
awards,119
encyclopã¦dia,119
monsters,119
parishes,119
schumann,118
luke,118
penis,118
anderson,118
nikolai,118
ahmed,118
players,118
southern,118
will,118
burney,118
nintendo,118
relativity,118
quotation,118
venice,118
pool,118
pascal,118
britannica,118
oscar,117
pass,117
minister,117
statistics,117
spurgeon,117
matthew,117
pilgrim's,117
metro,117
kota,117
bald,117
ant,117
panel,117
adam,117
zelda:,117
persian,117
original,117
pepper,117
athens,117
helen,116
natalee,116
haiti,116
belgium,116
nebula,116
giuseppe,116
documentation,116
rio,116
coast,116
dromaeosauridae,116
base,116
hawaii,116
may,116
volcano,115
muslim,115
village,115
swallowtail,115
buffalo,115
report,115
sand,115
(unit),115
institution,115
cars,115
hypercholesterolemia,115
creek,115
aids,115
erich,114
kong,114
herbert,114
bond,114
disneyland,114
macbeth,114
years',114
bahrain,114
girls,114
nickel,114
iran,114
cultural,114
pornography,114
"hamilton,",114
liã¨ge,114
"college,",114
homosexuality,114
albrecht,114
bastide,114
cambridge,114
borough,114
marshall,114
hardy,114
simone,113
wyoming,113
shark,113
xiaobo,113
neville,113
fame,113
ying,113
e,113
swiss,113
shatin,113
hellenistic,113
story,113
felix,113
stations,113
barnstaple,113
master,113
robson,113
libertarianism,113
pui,113
emma,113
gian,113
moulin,112
hindenburg,112
photography,112
lichen,112
easter,112
intergovernmental,112
studies,112
airways,112
warren,112
paolo,112
agreement,112
legacy,112
walt,112
aircraft,112
verrocchio,112
terry,112
vitoria-gasteiz,112
silva,112
woman,112
military,112
gate,111
(united,111
casals,111
bonham,111
ss,111
dã¼rer,111
leonid,111
marcus,111
rupee,111
services,111
monkees,111
byrd,111
b,111
connecticut,111
gershwin,111
nucleus,111
secondary,110
bar,110
renault,110
liquid,110
cuban,110
panda,110
asura,110
barbara,110
hole,110
carnival,110
alan,110
cã©sar,110
lynton,110
iso,110
creative,110
sniper,110
crusades,109
june,109
string,109
mozart,109
(element),109
access,109
time!,109
signing,109
beach,109
jhelum,109
â,109
index,109
mandaeism,109
cake,109
vince,109
volkswagen,109
sauce,109
sulfur,108
napalm,108
ages,108
fly,108
ferrari,108
clinton,108
lennon,108
valera,108
wild,108
commandments,108
duck,108
chlorine,108
quartet,108
mccartney,108
bang,108
link,108
dmitri,108
viii,108
vengeance,108
liberty,108
algebra,108
donald,108
manila,108
"phoenix,",108
thallium(i),108
piano,108
mississippi,108
miller,108
giants,108
soul,108
painting,108
teletubbies,108
edwin,107
strong,107
testicle,107
olga,107
viking,107
unification,107
sturt,107
randy,107
pancake,107
nine,107
antarctica,107
jasenovac,107
hamburg,107
gorges,107
oliveira,107
siberian,107
1840â1849,107
ark,107
moondyne,107
witches,106
lou,106
opus,106
m.,106
microarchitecture,106
fold,106
alexandria,106
du,106
hitler,106
or,106
glen,106
computing,106
buddhism,106
naismith,106
octopus,106
ãamon,106
darwin,106
'em,106
display,106
welsh,106
nuremberg,106
gã¶tterdã¤mmerung,105
nitrogen,105
oxford,105
counties,105
kubrick,105
wine,105
mellitus,105
armenian,105
welding,105
hilton,105
1910,105
1986,105
not,105
xii,105
spanish,105
visual,105
prostitution,105
warfare,105
aang,105
tokyo,105
lead,105
liszt,104
variations,104
das,104
bear),104
samlesbury,104
declaration,104
plasma,104
template:cite,104
(polar,104
topology,104
information,104
pop,104
bernini,104
knut,104
henri,104
riding,104
punk,104
salamander,104
planet,104
money,104
prayer,104
branch,104
medal,104
turbine,103
jacques,103
pulitzer,103
bangladesh,103
a.,103
huxley,103
personal,103
kingsway,103
dino,103
tales,103
quebec,103
forces,103
region,103
metropolitan,103
alicia,103
pluto,103
jordan,103
clara,103
commonwealth,103
catholic,103
galaxy,103
angel,103
v.,102
harvey,102
pollution,102
poker,102
kilmarnock,102
paganism,102
picasso,102
bromine,102
out,102
aluminium,102
macbook,102
goethe,102
wolf,102
missouri,102
ralph,102
kart,102
channel,102
hart,102
campbell,102
helena,102
asclepias,102
rouge!,102
honey,101
carpenter,101
sims,101
gustave,101
senate,101
eddy,101
signal,101
moses,101
venus,101
lens,101
express,101
species,101
torres,101
adventures,101
gharial,101
chain,101
susan,100
wozzeck,100
nina,100
binary,100
early,100
abide,100
modesty,100
screw,100
vonnegut,100
states),100
kabuki,100
genetic,100
hold,100
madison,99
boys,99
atheism,99
need,99
sonata,99
seven,99
rangers,99
norfolk,99
banana,99
fraser,99
biaåystok,99
fallout,99
friday,99
capital,99
manhattan,99
gregorian,99
principality,99
toro,98
abstraction,98
scuderia,98
asteroid,98
fuji,98
nicole,98
children,98
asian,98
v,98
sarthe,98
psychology,98
phoenix,98
yunus,98
7,98
usb,98
dna,98
delta,98
rite,98
julian,98
pirate,98
rosso,98
statistical,98
page,98
nadezhda,98
prostatitis,97
josef,97
communism,97
drug,97
joshua,97
horst,97
kinabalu,97
milton,97
(cyrillic),97
plague,97
fusion,97
rod,97
housing,97
route,97
"hoboken,",97
klaus,97
prague,97
guatemala,97
spider-man,97
management,97
trail,97
somme,97
utah,97
bryan,97
trent,97
newton,96
uccello,96
rheingold,96
frideric,96
apollo,96
c.,96
handel,96
wikipedia:pruning,96
wright,96
alba,96
giotto,96
kenny,96
claudius,96
revisions,96
pole,96
dean,96
totoro,96
republican,96
pterosaur,96
jefferson,96
electronic,96
pro,96
rhea,96
romeo,96
women,96
cesspool,96
bondone,96
neighbor,96
tennessee,95
match,95
steel,95
knight,95
boccanegra,95
doria,95
epping,95
(2003),95
bayreuth,95
blizzard,95
articles,95
pie,95
firestone,95
hms,95
ricardo,95
partitions,95
sacred,95
simpsons,95
vã©zina,95
gardiner,95
charlie,95
bunyan,95
lachlan,95
hypothesis,95
pittsburgh,94
musume,94
wikipedia:glossary,94
wikipedia:twinkle/doc,94
footnote,94
swine,94
salt,94
portuguese,94
drood,94
insect,94
egg,94
jacqueline,94
roberto,94
elã­as,94
radiohead,94
colosseum,94
boleyn,94
1830â1839,94
macquarie,94
(singapore),94
staräeviä,94
shuttle,94
j,94
cockatoo,94
colombia,94
yogi,94
badger,94
mexican,94
beverly,94
hollywood,94
(computer,94
independent,93
vyankatesh,93
comet:,93
iroquois,93
ma,93
aida,93
oblast,93
scold,93
reginald,93
motion,93
courbet,93
distribution,93
madgulkar,93
rocks,93
ring,93
ono,93
evelina,93
1800,93
origin,93
erik,93
ceramic,93
(ice,93
sozin's,93
twitter,93
lulu,93
blindness,93
merckx,93
heidi,93
nature,93
memory,93
ongar,93
barbirolli,93
cheese,92
caliphate,92
tennis,92
dei,92
difficult,92
impressionism,92
sky,92
wave,92
phillip,92
piã±a,92
vaccination,92
kamikaze,92
interval,92
profanity,92
walters,92
1998,92
deep,92
commodus,92
pedro,92
mao,92
we,92
nash,92
cassowary,92
mali,92
alexei,92
voodoo,92
copper,92
meyerbeer,91
takahashi,91
donkey,91
teutoburg,91
selection,91
dã¼sseldorf,91
cities,91
tudor,91
bruce,91
subtropical,91
mission,91
camera,91
viktor,91
sparrowhawk,91
holmes,91
mayor,91
count,91
meredith,91
(district),91
"warne,",90
ryan,90
ticino,90
ammonium,90
future,90
interchange,90
meiosis,90
9,90
unit,90
raffles,90
local,90
(the,90
"station,",90
disabilities,90
sam,90
daily,90
vegas,90
lucy,90
jurassic,90
exchange,90
turn,90
baba,90
record,90
lotte,90
adrian,90
prize,90
persons,90
action,90
hooker,90
congo,90
muse,90
emily,90
districts,90
mercury(ii),90
beer,89
gp,89
bessie,89
grimes,89
corps,89
battery,89
winx,89
t,89
lime,89
murder,89
venerable,89
amy,89
prokofiev,89
mercy,89
jerusalem,89
raphael,89
lohengrin,89
walkã¼re,89
semen,89
samurai,89
powderfinger,89
wells,89
vienna,89
indonesia,89
fra,89
lavigne,89
anthem,89
angelico,89
charmed,89
alberto,89
size,89
dakota,89
sigmund,89
parasitism,88
blockade,88
edvard,88
andy,88
hobbit,88
"auburn,",88
boxing,88
dutch,88
juliet,88
socrates,88
hurwicz,88
kellner,88
nest,88
fountainhead,88
fat,88
dysmorphic,87
gold,87
kã¶hler,87
urban,87
batista,87
monkey,87
copper(i),87
bohã¨me,87
britten,87
hampshire,87
typesetting,87
munich,87
signature,87
lucas,87
samanã¡,87
tasman,87
younha,87
raãºl,87
lager,87
justice,87
adminship/nonvocalscream,87
arena,87
genesis,87
science),87
eyre,86
barnes,86
commands,86
marco,86
jennifer,86
dot,86
convert,86
norte,86
immune,86
athletic,86
atlas,86
this,86
community,86
spandau,86
polish,86
ash,86
aberdeen,86
matt,86
presence,86
youth,86
permanganate,86
maxwell's,86
foot,86
folk,86
manipuri,86
gillard,86
coleman,86
antonã­n,85
fan,85
vincent,85
call,85
marcel,85
renewable,85
foster,85
passion,85
saints,85
verde,85
wars:,85
speciation,85
differential,85
tsunami,85
tellurium,85
lists,85
f1,85
fishing,85
aarau,85
newt,85
tin(ii),85
right,85
croatia,85
somalia,85
people's,85
phosphorus,85
phelps,85
hotel,85
norwegian,84
server,84
method,84
theme,84
kissed,84
pictures,84
talk,84
adminship/djsasso,84
hutt,84
planetary,84
satie,84
geometry,84
mac,84
havel,84
vehicle,84
faust,84
(color),84
hispaniola,84
(programming,84
provinces,84
jay,84
vendã©e,84
media,84
tristan,84
operation,84
language),84
sylvia,84
ipswich,84
brand,84
jason,83
absinthe,83
alessandro,83
organism,83
ido,83
seville,83
attacks,83
ida,83
islamic,83
punctuation,83
pencil,83
xbox,83
nick,83
sardinia,83
gambon,83
perfect,83
stand,83
bureaucratship/juliancolton,83
can't,83
that,83
indycar,83
map,83
pay-per-view,83
kate,83
opium,83
triangle,83
platypus,83
bow,83
bee,83
adaptive,83
possum,83
mayenne,83
klingon,83
jules,83
woods,83
odyssey,83
allen,83
dos,82
hormone,82
nat,82
fleet,82
slipknot,82
seed,82
fred,82
pichilemu,82
bedford,82
hunt,82
otto,82
linkin,82
ahab,82
levels,82
spiral,82
uncertainty,82
harding,82
thailand,82
evans,82
inc.,82
paramore,82
bureaucratship/majorly,82
dispersal,82
karen,82
palm,82
word,82
hume,82
marxism,82
satan,82
diamond,82
hockey),82
meck,82
henriette,82
mercedes,82
intercourse,82
shostakovich,82
waters,81
guard,81
disclaimer,81
historical,81
nova,81
64,81
jacob,81
u.s.,81
russel,81
rebellion,81
oral,81
peanut,81
grammar,81
crazy,81
de',81
hanbok,81
scream,81
logic,81
swedish,81
waterloo,81
resource,81
barber,81
dvoåã¡k,81
(chess),81
lithuania,81
types,80
suwaåki,80
basin,80
alpha,80
rain,80
equations,80
soap,80
cy,80
monte,80
1800â1809,80
hawk,80
fairy,80
greg,80
program,80
forum,80
queen's,80
alexandre,80
chase,80
leap,80
"hyderabad,",80
lewicki,80
glacier,80
bahã¡'ã­,80
living,80
staunton,80
transgender,80
mongolia,80
cheema,80
player,80
birmingham,80
tip,80
buddha,80
verdi,79
labrador,79
element,79
nã¼rnberg,79
und,79
labour,79
carson,79
navy,79
burgess,79
turkey,79
auguste,79
third,79
vi,79
v6,79
meistersinger,79
waste,79
luciano,79
hand,79
elder,79
(secondary),79
wikipedia:alert,79
protected,79
names,79
stream,79
swan,79
epistle,78
yo-yo,78
snail,78
celtic,78
gã¶ring,78
guillaume,78
bismuth,78
milk,78
analysis,78
kosovo,78
a330,78
health,78
carver,78
(physics),78
nickel(ii),78
powell,78
x-men:,78
miguel,78
bavaria,78
technology,78
gautama,78
howe,78
orton,78
a.f.c.,78
yorkshire,78
pig,78
jeanne,78
(baseball),78
versailles,77
underwood,77
just,77
wikipedia:privacy,77
eisenhower,77
suzuki,77
care,77
king's,77
martial,77
mask,77
happy,77
rosenkavalier,77
parkour,77
evolutionary,77
ball,77
basseterre,77
shirov,77
back,77
cleopatra,77
type,77
irene,77
isolde,77
commission,77
lasker,77
hippopotamus,77
ds,77
vulcan,77
narain,77
karthikeyan,77
traction,77
bread,77
konrad,76
bury,76
nose,76
ron,76
amis,76
nevada,76
chevrolet,76
anal,76
newfoundland,76
wikimedia,76
shinee,76
weapon,76
smokey,76
voyager,76
vã¡clav,76
press,76
1820â1829,76
car,76
mahesh,76
enzo,76
pius,76
maharishi,76
westminster,76
small,76
frequency,76
thermal,76
emmanuel,76
everton,76
continental,76
shah,76
upon,76
sport,76
embedded,76
friendship,76
evil,76
ripper,76
herschel,76
obama,76
737,76
sequence,76
trioxide,76
collapse,76
object,75
lea,75
toy,75
maynard,75
owen,75
santo,75
neal,75
tatami,75
coral,75
cobalt(ii),75
optical,75
(uk),75
southwest,75
fernando,75
norway,75
argentina,75
thyme,75
erwin,75
jellyfish,75
robbie,75
cassady,75
toyota,75
(australia),75
ardã¨che,75
republic),75
tuscany,75
didgeridoo,75
clark,75
lead(ii),75
aragon,75
morris,75
g.,75
lynch,75
animation,75
allan,75
domingo,74
stitch,74
window,74
durham,74
latter-day,74
ilyich,74
assisi,74
acherontia,74
baker,74
fighter,74
jeopardy!,74
recorder,74
pã©rez,74
"piquet,",74
rick,74
"king,",74
olivier,74
cook,74
sã¡nchez,74
run,74
fisher,74
end,74
liver,74
pressure,74
factor,74
drama,74
pyotr,74
mermaid,74
hypertension,74
tchaikovsky,74
essen,74
sunshine,74
migration,73
online,73
don't,73
reproduction,73
fair,73
between,73
grebe,73
discography,73
capablanca,73
(haydn),73
jump,73
gospel,73
historic,73
ruiz,73
adminship/philosopher,73
eve,73
(rapper),73
blacksmith,73
conquest,73
grande,73
a1,73
past,73
hovell,73
phantom,73
patent,73
wikipedia:user,73
emperors,73
communication,73
wallaby,73
liancourt,73
ipsum,72
akiba,72
leoå¡,72
detroit,72
aeschylus,72
thunderstorm,72
colbert,72
cosã¬,72
antoinette,72
january,72
theodor,72
barton,72
quotient,72
prescott,72
lorem,72
marcos,72
herman,72
scotia,72
sports,72
(linguistics),72
prehistoric,72
cabell,72
esperanto,72
navigation,72
flying,72
drake,72
tutte,72
portman,72
hoover,72
concorde,72
sullivan,72
lloyd,72
capitalism,72
boxer,72
"bay,",72
rolling,72
pikmin,72
cocktail,72
delaware,72
maple,72
telephone,72
revolutionary,72
dalton,71
jet,71
yuri,71
berg,71
dyer,71
suicide,71
sorai,71
dajabã³n,71
alban,71
artist/doc,71
(fruit),71
lysergic,71
frost,71
ives,71
crane,71
template:tmbox/doc,71
atropos,71
sonic,71
eusociality,71
zakarpattia,71
monteverdi,71
heath,71
compound,71
grover,71
file,71
governor,71
set,71
resort,71
yoko,71
martyr,71
kanda,71
biden,71
ogyå«,71
lane,71
population,71
counting,71
polar,71
cambodia,71
retriever,71
weber,71
yellowstone,71
constructors,71
son,71
gregory,71
(victoria),71
motorway,71
plan,71
katrina,71
sahara,71
peach,71
salisbury,71
diethylamide,71
tin,71
hello,71
event,71
plain,71
hayes,71
economic,70
creation,70
genocide,70
maze,70
project,70
schubert,70
redemption,70
frog,70
tomã©,70
eggs,70
adminship/malinaccier,70
nobel,70
peoples,70
girls',70
andrã©,70
comet,70
martã­n,70
avril,70
dalmatians,70
braun,70
baldwin,70
morrison,70
laura,70
o'connor,70
hungary,70
essjay,70
train,70
waterworld,70
crich,70
libya,70
orthography,70
bagh,70
caribbean,70
sydney,70
conservative,70
template:s-line/doc,70
cube,70
copland,70
rã¶hm,70
pug,70
phone,70
erin,70
eugenics,70
memories,70
10,70
bryozoa,70
maxwell,70
louisiana,70
"sartell,",70
july,70
vancouver,70
regional,70
blackhawks,70
pushkin,70
piece,70
mendelssohn,70
rubidium,70
database,70
hummingbird,69
silverwing,69
hantuchovã¡,69
hornet,69
combat,69
autodromo,69
guthrie,69
cuckoo,69
vale,69
marã­a,69
armstrong,69
monica,69
gellar,69
purcell,69
futon,69
1992,69
crocodile,69
budd,69
daniela,69
rosa,69
edmunds,69
extinction,69
if,69
antoine,69
sturgeon,69
2007â08,69
calgary,69
cut,69
(wwe),69
magnetic,69
guardian,69
pierce,69
nevado,69
maggie,69
graphic,69
command,69
clay,69
solomon's,69
sos,69
clock,69
dating,69
kill,69
nanotechnology,69
janã¡äek,69
date,69
euptoieta,69
dumbo,69
jungle,68
pride,68
3.0,68
komm',68
mitch,68
tyson,68
centre,68
advance,68
picture,68
bhopal,68
ãireann,68
hoch,68
himmel,68
kings,68
molotov,68
fresco,68
blake,68
eragon,68
iron(iii),68
dolores,68
grieg,68
hour,68
francesco,68
wikipedia:administrators',68
begin/doc,68
&quot;vom,68
costa,68
concert,68
olympians:,68
solid,68
bart,68
(1997),68
worm,68
cherubini,68
her&quot;,68
furby,68
noticeboard,68
cristobal,68
anchor,68
ich,68
bã¡b,68
hope,68
attribution-sharealike,68
jose,68
unported,68
monarchy,68
messiah,68
canon,68
scientific,68
canonic,68
i'm,68
betty,67
trifluoride,67
kidney,67
kippur,67
pradesh,67
hispania,67
aristotle,67
primary,67
1985,67
u-bahn,67
yew,67
hashish,67
ismael,67
"springs,",67
luftwaffe,67
haydn,67
top,67
yom,67
half-blood,67
schneider,67
arithmetic,67
steinitz,67
spin,67
(doctor,67
mediterranean,67
cologne,67
31,67
democracy,67
kirk,67
dalmatia,67
mercury(i),67
colours,67
matcha,67
ibn,67
messiaen,67
style,67
literature,67
cookie,67
camille,67
kuan,67
cuisine,67
guy,67
adminship/shapiros10,67
parables,67
who),67
bã©la,67
chrome,67
superstar,67
jazz,66
marquess,66
fear,66
equation,66
bowl,66
times,66
keith,66
karlheinz,66
circadian,66
pyrmont,66
eilenburg,66
starfish,66
sã©bastien,66
trial,66
waldeck,66
bennett,66
moritz,66
shanti,66
riaz,66
hereford,66
muscle,66
bunker,66
spectral,66
mello,66
siddons,66
disc,66
gilles,66
catharism,66
s,66
cameron,66
mutiny,66
39,66
broadcasting,66
co-operative,66
beau,66
garfield,66
stalin,66
pavarotti,66
september,66
caecilian,66
stefanie,66
trojan,66
tabor,66
professional,66
brummell,66
barcelona,65
best,65
naginata,65
encryption,65
ravel,65
pyrã©nã©es-atlantiques,65
botvinnik,65
"araluen,",65
wikipedia:autoed/customization,65
claudette,65
gaius,65
affairs,65
pill,65
dictionary,65
beecham,65
wall-e,65
grove,65
inch,65
tears,65
double,65
brett,65
petrushka,65
era,65
quark,65
leadbeater's,65
conflict,65
smetana,65
"parkes,",65
medicine,65
bon,65
atari,65
processing,65
greater,65
encyclopedia,65
clues,65
atmospheric,65
underworld,65
kane,65
alps,65
nagar,65
witch,65
large,65
gagarin,65
rna,65
ketchum,65
farm,65
printed,65
giorgio,65
bedåich,65
nasa,64
electronics,64
davy,64
longinus,64
cunning,64
static,64
territories,64
gioachino,64
montreal,64
baron,64
theft,64
t.,64
arnhem,64
lenzburg,64
forward,64
marino,64
benoit,64
halo:,64
1972,64
poppea,64
tell-tale,64
wulff,64
bridgestone,64
ecology,64
rossini,64
flower,64
stockhausen,64
e.,64
front,64
greenhouse,64
fletcher,64
form,64
vs.,64
mauritius,64
kercher,64
(athlete),64
crawford,64
(entertainer),64
viola,64
hammerfall,64
garcã­a,64
pointe,64
kournikova,64
vilnius,64
murray,64
l'incoronazione,64
pocket,64
rabat,64
punishment,64
transcription,64
vixen,64
earring,64
stones,64
gastropoda,64
nautilus,64
midwestern,64
lilo,63
episode,63
goethe's,63
mormonism,63
ledger,63
prã©,63
metroid,63
sudan,63
yatsuhashi,63
joy,63
antarctic,63
sania,63
geoffrey,63
ruth,63
joschka,63
barack,63
salzburg,63
beauty,63
maryland,63
wilde,63
macedonia,63
homer,63
telescope,63
pizza,63
sibelius,63
andrei,63
rt,63
maltese,63
state),63
autã³dromo,63
plautus,63
pump,63
chlorate,63
roe,63
eukaryote,63
students,63
vaccine,63
slovakia,63
bonaparte,63
colonialism,62
owl,62
rush,62
(christianity),62
kazuki,62
judgment,62
byzantine,62
paint,62
openoffice.org,62
"medici,",62
santorini,62
reuter,62
moonlite,62
eighty-four,62
heating,62
lentil,62
nineteen,62
savage,62
gibson,62
moss,62
men,62
matter,62
rico,62
(france),62
tornado,62
(city),62
contraceptive,62
countess,62
eugã¨ne,62
nargis,62
niccolã²,62
mining,62
raiders,62
straight,62
os,62
kingston,62
camel,62
sponge,62
sistine,62
espionage,62
rake's,62
bligh,62
galerius,62
playstation,62
zedong,62
thistle,62
tooth,62
combined,62
mercedes-benz,62
economy,62
dinosaur,62
dee,62
slovak,62
gardner,62
furtwã¤ngler,62
devon,62
hypercube,62
tycoon,62
michele,61
tech,61
mill,61
true,61
gender,61
planck,61
smart,61
guantã¡namo,61
l.,61
somaliland,61
files,61
graphics,61
intervention,61
bartã³k,61
cavalry,61
cash,61
gardens,61
butch,61
sami,61
up,61
ellis,61
hundred,61
crossing,61
cassius,61
register,61
questions,61
bears,61
"charlotte,",61
behavior,61
amateur,61
praetorius,61
wertham,61
diana,61
6,61
gazette,61
bourbon,61
accident,61
virtual,61
bushido,61
tippett,61
jallianwala,61
vesta,61
fredric,61
narnia:,61
horn,61
moment,61
mutual,61
brahms,61
observatory,60
ghoul,60
spirit,60
barenboim,60
epidemiology,60
uranus,60
menuhin,60
noah's,60
ãlisabeth,60
complex,60
porter,60
chopsticks,60
mirror,60
sunday,60
nationalism,60
sagan,60
stem,60
dufay,60
inuit,60
dwight,60
alternative,60
core,60
haunted,60
"williamstown,",60
hazel,60
(handel),60
night's,60
evolved,60
flora,60
manorialism,60
pottinger,60
hillary,60
xvi,60
sidney,60
idomeneo,60
wernher,60
johor,60
shadows,60
empress,60
cleveland,60
integrated,60
elisabeth,60
clapton,60
yehudi,60
(comics),60
"glendale,",60
feet,60
(2002),60
thunder,60
training,60
joaquã­n,60
shetland,60
pen,60
rimsky-korsakov,60
sandro,60
breast,60
"washington,",59
warhammer,59
only,59
allende,59
archbishopric,59
total,59
parides,59
accountancy,59
heaven,59
midsummer,59
australopithecus,59
glenn,59
polo,59
heavy,59
killer,59
punjab,59
kids,59
hong,59
cream,59
(theologian),59
niger,59
coat,59
cure,59
sirius,59
antoni,59
ground,59
debussy,59
abigail,59
shaw,59
image,59
schumacher,59
"huntsville,",59
chambi,59
"40,000",59
30,59
lake/doc,59
(personification),59
aubrey,59
caballeros,59
comics,59
dragonfly,59
hudson,59
guinea,59
confidence,59
terrier,59
roy,59
bourdais,59
def,59
chile,59
ichthyosaur,59
matilda,59
rsa,59
winston,59
ã©migrã©,59
zanzibar,58
lully,58
jean-baptiste,58
thallium,58
sisley,58
thames,58
ahmad,58
(composer),58
minotaur,58
fidelio,58
nicola,58
bioshock,58
ivanoviä,58
bonsai,58
iron(ii),58
petersburg,58
postcodes,58
over,58
wikipedia:verifiability,58
alpes-maritimes,58
endeavour,58
template:united,58
foreign,58
wake,58
potential,58
baroque,58
ghulam,58
chapman,58
savoy,58
u,58
basic,58
news,58
spector,58
rodrã­guez,58
poison,58
sara,58
shepherd,58
myth,58
topic/doc,58
pace,58
diet,58
skull,58
fund,58
proxy,58
teen,58
highland,58
strauss,58
hanami,58
jennings,58
"woodstock,",58
mori,58
dwarf,58
pevensie,58
fillmore,58
mr.,57
gay,57
harp,57
shahi,57
legion,57
metric,57
crockett,57
gameplay,57
colin,57
recording,57
thirty,57
garhi,57
botanical,57
robot,57
paranthropus,57
davies,57
(magazine),57
margaret,57
lie,57
enzyme,57
buzz,57
coheed,57
pound,57
grupo,57
romance,57
"lion,",57
arturo,57
miranda,57
santander,57
grant,57
bop,57
constable,57
radle,57
multiple,57
silence,57
colony,57
sailor,57
coen,57
(beethoven),57
eugene,57
wardrobe,57
sargent,57
sopron,57
"hope,",57
collision,57
20,57
mirpur,57
kant,57
pirates,57
immanuel,57
carol,57
gohar,57
pepsi,57
valuable,57
philadelphia,57
bei,57
potato,57
cambria,57
dante,57
lorenz,57
d,57
midnight,57
mckinley,57
off!,56
lieutenant,56
rommel,56
events,56
batman,56
bride,56
jung,56
vernon,56
finnish,56
sparrow,56
"cowra,",56
plante,56
caroline,56
winners,56
scouting,56
indus,56
talyllyn,56
capsicum,56
frã©dã©ric,56
depressive,56
printer,56
gray,56
shawn,56
korchnoi,56
nakajima,56
hyderabad,56
tibet,56
ninja,56
infection,56
beginning,56
dejima,56
chant,56
pet,56
ho,56
gong,56
kafka,56
guam,56
edinburgh,56
work,56
oakwell,56
bã¼chner,56
stanford,56
apostles',56
simmons,56
marina,56
area/doc,56
hera,56
mind,56
nba,56
archimedes,56
p.,56
ion,56
escape,56
reserve,56
1917â18,56
halophile,56
range,56
indigenous,56
compressor,56
hog-nosed,56
permissions/rollback,56
avebury,56
latin,56
kitti's,56
coppã©lia,56
trio,56
albans,56
caffeine,55
it's,55
tamed,55
kenya,55
sterling,55
goodall,55
peru,55
wimbledon,55
pentafluoride,55
hibari,55
1963,55
sciences,55
babylonia,55
asked,55
sandwich,55
how,55
go,55
iceland,55
franã§ois,55
yoghurt,55
eel,55
trafalgar,55
ducktales,55
arbon,55
pasteurization,55
oba,55
chicken,55
freak,55
zero,55
christchurch,55
thoroughbred,55
basie,55
kid,55
coolidge,55
valais,55
help:books/frequently,55
nut,55
brooklyn,55
confederation,55
sparta,55
doom,55
wasp,55
gambit,55
salazar,55
jorge,55
silverstone,55
bsc,55
benny,55
gaetano,55
testing,55
austin,55
kent,55
template:navbox/doc,55
portal,55
rosã©,55
sean,55
sweden,55
quirks,55
planet),55
misora,55
industrial,55
tåhoku,55
helens,55
rage,55
gaga,55
marx,55
coordinate,55
hilary,55
taiping,54
jackson),54
senna,54
mockingbird,54
loan,54
magnum,54
churchill,54
pulmonary,54
dudley,54
goodman,54
(percy,54
constitutional,54
o,54
bleach,54
stan,54
songs,54
presidency,54
grosso,54
simcity,54
tax,54
mackenzie,54
imperial,54
chelsea,54
somerset,54
monster,54
petr,54
pereira,54
woody,54
austrian,54
mail,54
hato,54
bastille,54
aqua,54
physical,54
crystallography,54
jeffrey,54
triple,54
(1991),54
direct-to-video,54
younger,54
before,54
tool,54
denny,54
(cipher),54
alighieri,54
character,54
developmental,54
cyberman,54
skywalker,54
tsar's,54
goebbels,53
austria-hungary,53
pohjola,53
parking,53
rambling,53
colon,53
freedom,53
bane,53
extension,53
dogs,53
long-beaked,53
leipzig,53
pioneer,53
jã¼rgen,53
galileo,53
clint,53
andes,53
mann,53
conch,53
squirrel,53
erasmus,53
cable,53
lã©o,53
javier,53
copyright,53
template:singlechart/doc,53
seal,53
know,53
cuttlefish,53
(food),53
k,53
himalayas,53
marathon,53
rodrigo,53
hop,53
prã­ncipe,53
dixon,53
upper,53
arabian,53
roberts,53
mile,53
haye,53
magical,53
jaundice,53
(wrestler),53
phosphate,53
walton,53
clarence,53
(astrology),53
penguins,53
cephalopod,53
turtle,53
oxygen,53
arc,53
source,53
hikaru,53
belmont,53
telecommunications,53
galilee,53
dolls,53
wikipedia:guide,52
nora,52
wonder,52
5200,52
d.c.,52
hamlin,52
(1786),52
norse,52
dickinson,52
toscanini,52
antã³nio,52
sons,52
te,52
lied,52
scrabble,52
ganges,52
ecw,52
origami,52
freyja,52
faurã©,52
tunisia,52
landis,52
vanuatu,52
(2011),52
"carcoar,",52
josh,52
perry,52
blocks,52
belt,52
fever,52
volume,52
(singer),52
lilly,52
theremin,52
anschluss,52
denis,52
dietrich,52
midlands,52
crust,52
comedy,52
1982,52
helene,52
simple,52
orleans,52
nutcracker,52
made,52
bin,52
"park,",52
ramã­rez,52
bengal,52
nails,52
template:pp-meta/doc,52
allosaurus,52
striptease,52
glass,52
chandler,52
kyei,52
electromagnetism,52
(grammar),52
futureheads,52
kaba,52
bounty,52
appealing,52
portugal,52
chiba,52
seconds,52
without,52
side,52
(chemistry),52
now,51
ballet,51
harris,51
rudy,51
wizard's,51
lawrence,51
muddy,51
wikipedia:autoed,51
parker,51
leppard,51
birds,51
limit,51
suffolk,51
harriet,51
treasure,51
(1994),51
"maria,",51
nazism,51
ballmer,51
dynamics,51
poverty,51
chi,51
utility,51
draft,51
coefficient,51
sally,51
500,51
darius,51
disk,51
athlone,51
souls,51
help,51
shell,51
macorã­s,51
goatse.cx,51
speech,51
riots,51
prediction,51
paradox,51
whaling,51
hatshepsut,51
kaspar,51
joey,51
brontã«,51
franck,51
tort,51
mcmahon,51
exeter,51
hauser,51
our,51
never,51
other,51
shinji,51
closure,51
sign,51
woodstock,51
angela,51
"alice,",51
turing,51
sheet,51
collective,51
junior,51
hospital,51
studio,51
grabowski,51
catarina,51
anning,51
fashion,51
rand,51
buffon,51
ole,51
hip,51
newton's,51
capitol,51
guerrero,51
puppet,51
roller,51
hyde,51
synagogue,51
cbbc,51
wikipedia:notability,51
a.e.,51
(dominican,51
bã¼low,51
sabellianism,50
year's,50
trichloride,50
manatee,50
rifle,50
ching,50
duchies,50
hunger,50
titan's,50
wistert,50
operating,50
transfer,50
plath,50
ann,50
tiberius,50
pattern,50
croatian,50
fields,50
plate,50
version,50
southeast,50
shinkansen,50
icon,50
floresiensis,50
peroxide,50
highlands,50
rollercoaster,50
poe,50
saxe-coburg,50
mantis,50
evelyn,50
labyrinth,50
derek,50
hertha,50
richmond,50
101,50
bao,50
rocky,50
"ararat,",50
outback,50
duccio,50
fissure,50
lonely,50
nepal,50
suceava,50
li,50
thant,50
"eugowra,",50
whitey,50
håei,50
lionel,50
dem,50
marin,50
honecker,50
soba,50
ernestine,50
chart,50
mahal,50
march,50
tar,50
eliza,50
shen,50
ace,50
scorpion,50
eastbourne,50
exhibition,50
marge,50
vasari,50
tuva,49
milan,49
scientology,49
graph,49
mamie,49
4217,49
biological,49
1983,49
hominid,49
ordovician,49
rita,49
girolamo,49
gogh,49
tin(iv),49
melon,49
togo,49
bishara,49
ketchup,49
smythe,49
gang,49
days,49
fluid,49
ellington,49
countries,49
guru,49
miley,49
"hills,",49
watership,49
oradea,49
szell,49
vacheron,49
strip,49
template:ambox/doc,49
demigod,49
strike,49
competition,49
azmi,49
hubble,49
wombat,49
sukhoi,49
album,49
lakes,49
inca,49
kyle,49
marley,49
bowie,49
gesualdo,49
leopold,49
constantin,49
warsaw,49
beryl,49
bromate,49
homelessness,49
epstein,49
nightingale,49
lawless,49
federation,49
gerard,49
demon,49
dlr,49
oat,49
joel,49
kirby's,49
lower,49
maastricht,49
å,49
hebrew,49
savonarola,49
wikipedia:disambiguation,48
dalek,48
philidor,48
napoleonic,48
fugue,48
capacitor,48
funk,48
comte,48
8,48
claudia,48
officer,48
klein,48
holland,48
oleander,48
supply,48
spears,48
"louis,",48
johnston,48
grozde,48
ecosystem,48
hallucination,48
morphin,48
finn,48
rape,48
standings/doc,48
suzuka,48
magnus,48
(goddess),48
nicholas,48
domain,48
khalifa,48
falcon,48
artemis,48
clarke,48
servant,48
lego,48
botticelli,48
template:2009â10,48
"yass,",48
condom,48
sahoo,48
cyrus,48
s/2003,48
sarojini,48
rostropovich,48
mustang,48
rules,48
get,48
bruckner,48
gandhi,48
timothy,48
plateau,48
lojze,48
"2,",48
abstract,48
geb,48
wikipedia:administrators,48
(1996),48
klan,48
(genetics),48
schizophrenia,48
gerald,48
yamamoto,48
clown,48
drosera,48
fukushima,48
aguri,48
fundamental,48
liberal,48
dolphin,48
fedora,48
mathematics,48
pastor,48
chiåinäu,48
tikhon,48
industry,48
stevenage,48
wargames,48
ku,48
werner,48
nonverbal,48
klux,48
blackletter,48
mstislav,48
runner,47
elementary,47
(computing),47
balls,47
(princely,47
bess,47
herald,47
nephthys,47
lu,47
highway,47
propaganda,47
trench,47
room,47
thelema,47
noir,47
constantine,47
translations,47
nicolas,47
locke,47
stefan,47
debby,47
sassanid,47
griffin,47
have,47
majority,47
parade,47
metallurgy,47
shotton,47
chichester,47
when,47
spencer,47
cali,47
babylon,47
thiruvananthapuram,47
reloaded,47
messing,47
queens,47
"wellington,",47
level,47
structure,47
silicon,47
brandenburg,47
hyssop,47
bismuth(iii),47
hepatitis,47
croydon,47
marsh,47
cemetery,47
logical,47
coburg,47
walther,47
temperature,47
codes,47
trek:,47
trinidad,47
requiem,47
single,47
hicks,47
brillat-savarin,47
rumiko,47
hugh,47
massenet,47
bayeux,47
onegin,47
wehrmacht,47
copenhagen,47
"braidwood,",47
inner,47
m-theory,47
samson,47
hit,47
gymnastics,47
corsica,47
houston,47
editors,47
pentoxide,47
secrets,47
yasin,47
filter,47
broom,47
shirley,47
canal,47
nidwalden,47
che,47
woodrow,47
adminship/juliancolton,47
shelley,47
mustard,47
weight,47
willie,47
minh,47
duchy,47
sovereign,47
precocial,47
off,47
malden,47
meher,47
sergio,47
sony,47
siege,47
debra,47
carr,46
carnivorous,46
dvd,46
gaedel,46
hammer,46
feature,46
classes,46
pit,46
svante,46
stade,46
herbology,46
orbitron,46
wikipedia:rollback,46
peaks,46
shoes,46
maxim,46
308,46
sebaceous,46
material,46
apostles,46
metis,46
saturn,46
biellmann,46
norris,46
gothard,46
nicosia,46
duncan,46
oak,46
(dwarf,46
lenin,46
arrhenius,46
"young,",46
x-37,46
cello,46
licinius,46
ward,46
brandon,46
five,46
nile,46
voltmeter,46
resolution,46
fiber,46
decay,46
terminator,46
hyperbolic,46
naval,46
parable,46
system),46
rudolf,46
karachi,46
cotton,46
track,46
tehran,46
jesse,46
cardamom,46
renaming,46
ghalib,46
sharks,46
juice,46
mixed,46
contest,46
lucario,46
actor,46
maldonado,46
bowell,46
abel,46
cãºcuta,46
auction,46
gum,46
ayn,46
evanescence,46
spectrum,46
crucible,46
wikipedia:authors,46
paveliä,46
potoroo,46
polytechnic,46
mysliveäek,46
argument,46
amanda,46
2012,46
periodic,46
(operating,46
share,46
sv,46
rotterdam,46
bassoon,46
osechi,45
rachel,45
z,45
strawberry,45
noun,45
stars,45
echinoderm,45
coloring,45
abdullah,45
kilogram,45
bushranger,45
socialism,45
gilbert's,45
selenide,45
"victoria,",45
villeneuve,45
parallel,45
turkish,45
aus,45
sekhmet,45
debate,45
downes,45
constant,45
bureau,45
autism,45
jak,45
wenedyk,45
"forbes,",45
my-otome,45
sherlock,45
auto-tune,45
joaquin,45
horst-wessel-lied,45
tigers,45
hillery,45
"mary,",45
telluride,45
lecter,45
survival,45
kori,45
ratchet,45
explosion,45
ra,45
linlithgow,45
brent,45
diary,45
diesel,45
tempera,45
castro,45
ramesses,45
dichromate,45
maccabees,45
mulan,45
annie,45
inline-four,45
anchovy,45
amethyst,45
gerhard,45
ãdouard,45
tvxq,45
narnia,45
cory,45
content,45
1995,45
bathilde,45
lesbian,45
pakistani,45
ricciardo,45
hero,45
selena,45
mechanical,45
duprã©,45
numbers,45
poulenc,45
nimh,45
peloponnesian,45
tape,45
paleolithic,45
vesuvius,45
short,45
plymouth,45
timpani,45
certificate,45
aung,45
chief,45
solti,45
disciple,45
titus,45
electrical,45
slave,45
waxing,45
combinatorial,45
conrad,45
anime,45
jayhawks,45
(manga),45
ecological,44
eni,44
review/bluegoblin7,44
timah,44
kenneth,44
osama,44
burj,44
dattatreya,44
es,44
vaughan,44
polk,44
pollen,44
gutenberg,44
abalone,44
chun,44
peptic,44
sino-japanese,44
all-star,44
gone,44
renã©,44
being,44
devil,44
meninas,44
nirvana,44
saint-saã«ns,44
europa,44
mud,44
hank,44
bukit,44
tungning,44
diocletian,44
apostle,44
ayrton,44
k7,44
trevor,44
hamlet,44
hemichordata,44
malaysia,44
horowitz,44
baking,44
guevara,44
orthodox,44
follicle,44
pocahontas,44
proof,44
beijing,44
razor,44
challenge,44
kingsley,44
heorot,44
feather,44
manitoba,44
fluorine,44
m1,44
ellen,44
archer,44
test,44
goodluck,44
12,44
bodine,44
ulcer,44
minimum,44
worth,44
"scottsdale,",44
falafel,44
weathering,44
chopin,44
bankstown,44
judith,44
traffic,44
banks,44
curie,44
tallest,44
jimmie,44
doo-hwan,44
"cranbourne,",44
gastornis,44
bluebird,44
s/2004,44
auckland,44
alpine,44
bollywood,44
khrennikov,44
herzog,44
glasgow,44
karajan,44
cormier,44
crimen,44
hephaestus,44
cult,43
ariel,43
amsterdam,43
rangel,43
utada,43
syrian,43
catholicism,43
saxton,43
chã¡vez,43
benson,43
carnac,43
leon,43
richardson,43
mcilrath,43
w,43
communist,43
parquã©s,43
administration,43
baum,43
valencia,43
takashi,43
zeppelin,43
poitier,43
3:,43
asperger,43
maharashtra,43
aviv,43
suu,43
historiography,43
mine,43
slavery,43
janice,43
knol,43
prez,43
surrey,43
sega,43
transform,43
synthesis,43
pile,43
jure,43
geyser,43
kyi,43
funeral,43
pedernales,43
daveigh,43
corfu,43
derbyshire,43
python,43
into,43
mitchell,43
bertrand,43
manet,43
chekhov,43
spiny,43
rafael,43
josquin,43
viscount,43
pclinuxos,43
rhodes,43
bacon,43
emerson,43
"scranton,",43
boa,43
notrium,43
montana,43
onassis,43
swahili,43
v12,43
mode,43
gorge,43
pudding,43
morocco,43
flood,43
marquesas,43
britney,43
tel,43
rattle,43
manganese,43
soil,43
voltaic,43
o.,43
half-life,43
iodate,43
grass,43
molecular,43
nomenclature,43
tanaka,43
hortons,43
tokio,43
error,43
crossing:,43
singing,43
urdu,43
citron,43
valverde,43
360,43
federico,43
radiant,43
amazing,43
tag,42
alexandrovna,42
crete,42
bubble,42
worcester,42
pirelli,42
clean,42
waldo,42
carnegie,42
luna,42
entfã¼hrung,42
convection,42
jovi,42
mae,42
graubã¼nden,42
starcraft,42
artificial,42
bohemia,42
heroin,42
babur,42
burton,42
engraving,42
tuna,42
superman,42
"forest,",42
assistant,42
revolver,42
brad,42
adminship/jamesofur,42
bulgakov,42
aztec,42
denomination,42
silliman,42
scheme,42
liberation,42
balloon,42
myers-briggs,42
roussel,42
egyptian,42
creationism,42
runescape,42
prejudice,42
budai,42
hastings,42
block,42
nielsen,42
streicher,42
indicator,42
bicycle,42
template:template,42
irwin,42
alice,42
dankworth,42
miyagi,42
cordless,42
nassau,42
captains,42
ancyloxypha,42
dilemma,42
priscilla,42
glove,42
renee,42
serail,42
shanghai,42
vaucluse,42
hartman,42
tengoku,42
montag,42
hiram,42
glow,42
markus,42
minster,42
tammy,42
guarana,42
transposing,42
bint,42
gotha,42
enhanced,42
plc,42
bundy,42
starling,42
lynne,42
smothers,42
tundra,42
prairie,42
murphy,42
sumer,42
quest,42
sikkim,42
(punctuation),42
piccinni,42
naturism,42
wikipedia:template,42
brandt,42
classification,42
weill,42
transposition,42
lorentz,42
thessaloniki,42
logo,42
franã§oise,42
bosons,42
allison,42
encyclopaedia,42
cone,42
zip,42
eruption,42
albã©niz,42
pollock,42
reparations,42
laing,42
laden,42
falls,42
norman,42
hell,42
abu,42
salaam,41
dauphin,41
isotope,41
tuberculosis,41
eden,41
empires,41
animals,41
moths,41
hedgehog,41
vera,41
marsupial,41
fischer-dieskau,41
therapy,41
cardinal,41
teck,41
donahue,41
logarithmic,41
bioluminescence,41
box/doc,41
edge,41
pomp,41
stingray,41
agra,41
miskolc,41
vatican,41
sector,41
dachshund,41
australians,41
numitor,41
webern,41
mariano,41
circumstance,41
price,41
anchiornis,41
87,41
crier,41
starr,41
futurama,41
jenkins,41
hubert,41
hathor,41
snowball,41
reconstructionist,41
numerical,41
serbia,41
ogame,41
percussion,41
auto:,41
rocket,41
hahn,41
taboo,41
twin,41
ballets,41
georges-louis,41
daisuke,41
knights,41
stratford,41
ocarina,41
dahlerau,41
(statistics),41
dar,41
egret,41
(department),41
lizard,41
popper,41
donizetti,41
antioch,41
marches,41
dresden,41
gounod,41
iwate,41
roads,41
metaphor,41
mega,41
villa,41
karma,41
hydroponics,41
consul,41
metamorphosis,41
piracy,41
giuliano,41
zevon,41
seaweed,41
laboratory,41
negative,41
fruit,41
"leclerc,",41
voting,41
arrow,41
russes,41
gwar,41
enrique,41
differences,41
rainband,41
(island),41
arlo,41
glinka,41
horror,41
magnetism,41
schools,41
corvus,41
butterflies,41
maia,41
shop,41
wilkes,41
interpol,41
cafiero,41
rica,41
boreanaz,41
scarlatti,41
flat,41
burke,41
neon,41
(bryan,41
yas,41
phallus,41
harkness,41
eurovision,41
under,41
skeleton,40
schweitzer,40
than,40
ganesha,40
cairo,40
monty,40
hiroshi,40
istanbul,40
supremacy,40
tal,40
intel,40
madonna,40
1),40
m*a*s*h,40
gã¶ldi,40
associated,40
highperformanceengines,40
engineering),40
fuhua,40
thermite,40
tavener,40
feudalism,40
progressive,40
bombyx,40
chauvet,40
iraq,40
incubus,40
nate,40
beowulf,40
horace,40
orlande,40
subgroup/doc,40
nijinsky,40
dushku,40
check,40
aether,40
template:navbox,40
pine,40
setsubun,40
rucker,40
hyundai,40
scala,40
gidley,40
charlotte's,40
left-handedness,40
jã©rã´me,40
corvidae,40
euro,40
arabic,40
maurizio,40
kricogonia,40
account,40
"framingham,",40
harold,40
tibetan,40
milhaud,40
metre,40
ichi-go,40
a&amp;m,40
obsidian,40
recognition,40
centipede,40
guelders,40
woolf,40
penalty,40
barbaros',40
kalmykia,40
adminship/bluegoblin7,40
psychiatry,40
tawil,40
smiley,40
bangui,40
sol,40
bir,40
mean,40
methamphetamine,40
fade,40
cruz,40
seoul,40
insurance,40
tommy,40
truth,40
per,40
13,40
bone,40
cabinet,40
hebraica,40
wittgenstein,40
ungdomshuset,40
transmission,40
alberta,40
postgate,40
nicotine,40
rinpoche,40
struggle,40
persuasion,40
round,40
door,40
html,40
wikipedia:simple,40
personality,40
della,40
(audio,40
dubai,40
nation,40
gynoecium,40
lassus,40
wiki:,40
ha,40
false,40
thoth,40
juventud,40
cucumber,40
ebner,40
jean-franã§ois,40
dozois,40
seligenstadt,40
plastic,40
velupillai,40
toulouse-lautrec,40
plantain,40
prabhakaran,40
plaza,40
vaslav,40
isla,40
tetrapod,40
puccini,40
northanger,39
correlation,39
mantle,39
clancy's,39
(book),39
hiroshima,39
lgbt,39
marques,39
vision,39
channel),39
mcallister,39
cooking,39
boolean,39
emirates,39
want,39
jesus),39
rank,39
microscope,39
gallery,39
isis,39
polgar,39
len,39
dancing,39
census,39
weak,39
trumpet,39
martha,39
bradman,39
cocaine,39
chihuahua,39
phosgene,39
ernie,39
roses,39
role,39
uchiha,39
pilot,39
arab,39
label,39
frankenstein,39
protection,39
nabta,39
interior,39
men's,39
confederate,39
nexus,39
revolutions,39
fault,39
crash,39
mclean,39
bentley,39
florey,39
hearing,39
ban,39
booth,39
hornswoggle,39
(name),39
cork,39
sasuke,39
acts,39
madeleine,39
kobe,39
mesopotamia,39
grillo,39
december,39
ulleungdo,39
qing,39
eels,39
gustavo,39
golf,39
rating,39
ko,39
wordsworth,39
globe,39
fondue,39
katakana,39
lyoko,39
mogadishu,39
spearman's,39
pharsalus,39
sherwood,39
fourniret,39
campaign,39
parents,39
moral,39
ki-moon,39
seward,39
guys,39
worship,39
transduction,39
echoes,39
clef,39
lã³pez,39
six:,39
better,39
flames,39
unitarianism,39
karate,39
metallica,39
charge,39
beppe,39
playa,39
50,39
sin,39
cindy,39
saltwater,39
barahona,39
locomotive,39
(mother,39
conducting,39
david's,39
darkness,39
zeelandia,39
executive,39
weir,39
steven,38
mp3,38
object-oriented,38
pisano,38
ioke,38
main,38
m6,38
beatrix,38
antenna,38
drosophila,38
wikipedia:accepting,38
o',38
angels,38
(software),38
dental,38
"wikipedia:potential,",38
ur,38
are,38
bel,38
fig,38
horizon,38
lakotah,38
southwestern,38
bubonic,38
impact,38
tuff,38
flynn,38
adjective,38
elastic,38
dixie,38
lock,38
newcastle,38
"mansfield,",38
marlboro,38
supersymmetry,38
michalka,38
ferruccio,38
gorton,38
guide,38
flame,38
reincarnation,38
xanthan,38
qwerty,38
mammal,38
nervous,38
sweet,38
yorke,38
syrup,38
mahabharata,38
vector,38
christine,38
postulate,38
umbrella,38
villiers,38
regnans,38
alternate,38
mariana,38
kyoto,38
(spacecraft),38
hungarian,38
ornette,38
meditation,38
henrik,38
miami,38
zoroastrianism,38
vuh,38
solstice,38
haynes,38
berry,38
"tibooburra,",38
job,38
minnie,38
chromium,38
1812,38
kiss,38
snow,38
frame-dragging,38
stellar,38
singles,38
bombay,38
investiture,38
usa,38
serialism,38
1967,38
naples,38
hypnosis,38
well,38
chaplin,38
"iv,",38
theater,38
nibelungen,38
augustus,38
(protocol),38
view,38
popol,38
40,38
giraffe,38
armageddon,38
corpses,38
linus,38
next,38
ostrich,38
charizard,38
(germany),38
(cigarette),38
argyll,37
works,37
hajime,37
giaches,37
garibaldi,37
whisenhunt,37
grooming,37
baptist,37
domestic,37
forbes,37
template:start-date/doc,37
augustine,37
clank,37
caribbean:,37
endorphin,37
woodwind,37
sleeping,37
but,37
rodham,37
balance,37
renoir,37
lyside,37
omar,37
privacy,37
"clunes,",37
mouthpiece,37
rope,37
monastery,37
bellamy,37
deflagration,37
busoni,37
"california,",37
l'aquila,37
sample,37
earthbound,37
falla,37
15,37
laubach,37
miso,37
steam,37
galilei,37
arsenide,37
mcgonagall,37
horus,37
nacozari,37
ã,37
mania,37
ottawa,37
nasal,37
remagen,37
disulfur,37
formal,37
liberalism,37
gamma-hydroxybutyric,37
ip,37
tablet,37
mole,37
2003â04,37
more,37
gravitational,37
menstruation,37
columbus,37
radioactive,37
saitama,37
wikipedia:contact,37
kuwait,37
rovers,37
template:rp/doc,37
pregnancy,37
syed,37
diagnosis,37
afro-asian,37
fading,37
hydropower,37
hannah,37
youtube,37
forecast,37
blair,37
kornberg,37
am,37
wert,37
thermodynamic,37
mrt,37
burst,37
niels,37
layer,37
lã©on,37
flask,37
faraday,37
lang,37
overijssel,37
systems,37
fontane,37
expression,37
chester,37
rachmaninoff,37
rutherford,37
incheon,37
samael,37
sokka,37
sedimentary,37
wikipedia:blocking,37
humans,37
foucault,37
pierre-auguste,37
minimalism,37
ethology,37
janeiro,37
wikipedia:copyrights,37
exponentiation,37
density,37
littlest,37
wilbur's,37
singer,37
pigeon,37
emu,37
addresses,37
laptop,37
lamp,37
dã¡laigh,37
bliss,37
vauxhall,37
obscura,37
wikipedia:ownership,37
peugeot,37
delibes,37
cearbhall,37
sense,37
cobalt,37
transsexualism,37
oh,37
danaus,36
rhamphorhynchus,36
crass,36
hobby,36
jon,36
amber,36
exploration,36
internal,36
lemon,36
(instrument),36
beat,36
senators,36
tao,36
wikipedia:advice,36
moons,36
criss,36
andrews,36
cobra,36
vocabulary,36
ride,36
alexandra,36
"allentown,",36
timeline,36
recipe,36
photon,36
bluetooth,36
brendan,36
liverpool,36
valery,36
ceremony,36
flanders,36
"vancouver,",36
hernã¡n,36
java,36
nathaniel,36
viol,36
man's,36
darth,36
102,36
augusto,36
wash,36
mummery,36
guantanamo,36
exponential,36
formation,36
yu,36
light-emitting,36
gardening,36
so,36
chair,36
colonization,36
sligo,36
escoffier,36
statue,36
(country),36
rococo,36
experts,36
category,36
uachtarã¡in,36
clegg,36
oasis,36
resta,36
tuning,36
scouts,36
brazilian,36
velvet,36
modulation,36
martinå¯,36
ashley,36
29,36
segregation,36
ortac,36
ãras,36
bohuslav,36
kubica,36
(great,36
brooks,36
specialized,36
willem,36
coccinellidae,36
oda,36
regions,36
screaming,36
aurelius,36
philosopher's,36
dale,36
czech,36
private,36
benito,36
franco,36
jeremiah,36
equestrianism,36
levon,36
klemperer,36
delmonico's,36
bowing,36
representatives,36
brittle,36
pizarro,36
mediawiki:common.js,36
riboflavin,36
chip,36
nudibranch,36
eclipse,36
"jamestown,",36
espaillat,36
blow,36
osaka,36
koji,36
oakland,36
manson,36
modena,36
morley,36
buren,36
(meteorology),36
satoshi,36
feuermann,36
francetiä,36
nottingham,36
quan,36
washing,36
viral,36
nicaea,36
3rd,36
hoyerswerda,35
cap,35
kryptos,35
oracle,35
parks,35
(shostakovich),35
vuvuzela,35
reindeer,35
yuki,35
gucci,35
nouakchott,35
lymphocyte,35
thurgau,35
mccleary,35
esther,35
pain,35
abbado,35
custom/doc,35
lambert,35
adminship/bsadowski1,35
portable,35
tetrachloride,35
template:google,35
return,35
hiragana,35
3),35
urmia,35
nizam,35
capitalization,35
heather,35
kobayashi,35
thilo,35
meiji,35
argentine,35
spades,35
atahualpa,35
peafowl,35
hippie,35
attorney,35
photocatalysis,35
broflovski,35
elvis,35
transpiration,35
rowan,35
bacterial,35
quantity,35
mataram,35
damien,35
curtis,35
jehovah's,35
marcelo,35
luca,35
calamba,35
chaucer,35
dominic,35
freetown,35
yuan,35
randolph,35
grenade,35
tolosa,35
sarrazin,35
thousand,35
waltzing,35
birdwatching,35
honda,35
manzai,35
beuys,35
airoldi,35
(animal,35
defense,35
disappearance,35
chiton,35
"orlando,",35
sheng-yen,35
1993,35
witnesses,35
carla,35
busnois,35
crustacean,35
sierra,35
somewhere,35
teenager,35
paradise,35
tunnel,35
regia,35
faroe,35
lima,35
template,35
babenhausen,35
bohr,35
mother,35
shrimp,35
(nhl),35
t's,35
uttar,35
interaction,35
kashmiri,35
farm),35
hybrid,35
adminship/the,35
mersenne,35
mahmoud,35
morganucodon,35
futurism,35
donatello,35
(2010),35
cohen,35
constrictor,35
cromwell,35
mohammed,35
dirty,35
intercontinental,35
romanian,35
thanksgiving,35
ikari,35
rob,35
technological,35
16-cell,35
business,35
limpet,35
(elgar),35
drift,35
overture,35
parties,35
photographic,35
jammu,35
tampa,35
ebola,35
reed,35
printing,35
clarkson,35
bulacan,35
scots,35
evening,35
viceroy,35
chelmsford,35
cranach,35
cypress,35
obispo,35
maker,35
microbiology,35
snape,35
vande,35
(play),35
fiat,35
wikipedia:huggle/config,35
dingo,35
ulster,35
lepidoptera,35
idiom,35
jens,35
oskar,34
pedersen,34
petroleum,34
traditional,34
young-min,34
basket,34
years,34
heinz,34
expansion,34
sociology,34
raaf,34
postal,34
shakespeare,34
(region),34
sakharov,34
ukraine,34
aristocats,34
steampunk,34
tularemia,34
jeep,34
ghost,34
mosaic,34
giza,34
dreieich,34
edmond,34
chapter,34
bilady,34
sukiyaki,34
cusco,34
mona,34
citizen,34
role-playing,34
monteux,34
moth,34
nickelodeon,34
brotherhood,34
battlestar,34
charpentier,34
importance,34
chronology,34
hexafluoride,34
wikilinked,34
puppetry,34
wien,34
fallin,34
cao,34
bagpuss,34
backstreet,34
arran,34
tibor,34
site,34
tiáº¿n,34
schwarzkopf,34
dragons,34
microwave,34
sections,34
eratosthenes,34
quedlinburg,34
monetary,34
person,34
bumblebee,34
thile,34
extreme,34
marc,34
"alabaster,",34
henryk,34
ms,34
bebop,34
judea,34
cherry,34
bret,34
synapsid,34
npov,34
charter,34
"rikuzentakata,",34
iphone,34
thing,34
beust,34
willy,34
arm,34
cornershot,34
wicca,34
wikipedia:add,34
valentine's,34
riemann,34
cambrian,34
sled,34
skateboard,34
axson,34
marc-antoine,34
quã¢n,34
parma,34
graffiti,34
chitral,34
"hilo,",34
"dover,",34
patch's,34
enlightenment,34
jean-paul,34
zimbabwe,34
watts,34
bratwurst,34
grow,34
rotation,34
(berg),34
reasoning,34
timorese,34
recapitulation,34
boulez,34
sekelj,34
normandy,34
seung-yeon,34
elliott,34
ca,34
parachute,34
paige,34
adã©laã¯de,34
commune,34
construction,34
antelope,34
lucca,34
eilaboun,34
hadron,34
lafontaine,34
galactica,34
judy,34
hopkin,34
ammonite,34
cantons,34
zombie,34
pizzicato,34
"grove,",34
earwig,34
wikipedia:sock,34
ely,34
artibonite,34
menchik,34
imac,34
carthy,34
ozama,34
agent,34
olduvai,34
scsi,34
ivã¡n,34
rudd,34
"gunnedah,",34
shipping,34
ishy,34
orthoptera,33
3166-1,33
1989,33
tefnut,33
pretoria,33
gamma-ray,33
trustees,33
cornish,33
editing,33
fray,33
wikipedia:geographic,33
sandbox,33
gorgoneion,33
dart,33
bruins,33
serpent,33
edmonton,33
shaka,33
edsel,33
soup,33
plane,33
substitute,33
canyon,33
chennai,33
tajikistan,33
brazil,33
"hartley,",33
1971,33
efficiency,33
equal,33
dodge,33
references,33
cuã©llar,33
fictional,33
shield,33
lange,33
phonetic,33
barossa,33
mitosis,33
idiot,33
jill,33
fife,33
hooke,33
ecuador,33
drill,33
toilet,33
debian,33
tasmanian,33
offering,33
camouflage,33
vice,33
jin,33
freddie,33
parnell,33
carrier,33
2),33
(economics),33
letter,33
maroon,33
failure,33
letters,33
butcher,33
nebraska,33
pyramid,33
induction,33
keenan,33
hermit,33
towers,33
flã³rez,33
forever,33
bug,33
review/mathcool10,33
pl,33
lindbergh,33
cheetah,33
assyrian,33
"island,",33
brother,33
mozilla,33
iniki,33
germanic,33
vegetarianism,33
outer,33
(1899â1918),33
fiedler,33
wikipedia:elections,33
jura,33
thylacine,33
pears,33
kimono,33
henman,33
quiet,33
samus,33
essex,33
films,33
al-qaeda,33
buck,33
gadsden,33
monaco,33
(poem),33
shotgun,33
anatomy,33
bram,33
katie,33
kreuzlingen,33
(abolitionist),33
kernel,33
butterworth,33
kite,33
"heart,",33
cannabis,33
chert,33
clause,33
rã¶dermark,33
abi,33
claw,33
mika,33
sphere,33
herb,33
topkapä±,33
myung-bak,33
travel,33
sisters,33
hebrides,33
steinbeck,33
koechlin,33
ruby,33
hunchakian,33
jared,33
manganate,33
kahn,33
brideshead,33
candidiasis,33
lalor,33
"cã³rdoba,",33
antimatter,33
comic,33
bud,33
sujebi,33
baja,33
loricifera,33
cornwall,33
kyodan,33
psychosis,33
wisdom,33
drummond,33
dhuayb,33
protein,33
lefkada,33
results,33
dorus,33
halimah,33
"nundle,",33
stoker,33
reading,33
sheldon,33
rijkers,33
dã¡il,33
scriabin,33
scarborough,33
revisited,33
16,33
casa,32
programs,32
cd,32
see,32
magna,32
fascism,32
sources,32
urchin,32
trust,32
globi,32
"kanata,",32
amyotrophic,32
oregano,32
led,32
(bird),32
basque,32
gackt,32
received,32
hildesheim,32
vann,32
nigel,32
bambi,32
rore,32
neolithic,32
mato,32
meowth,32
queuing,32
orlando,32
monsieur,32
earnest,32
chitose,32
marketing,32
ahmadiyya,32
dipole,32
lateral,32
edison,32
mrs.,32
mexican-american,32
hurricanes,32
bullet,32
atlanta,32
georgian,32
functional,32
pinchas,32
ad,32
pisa,32
did,32
enid,32
ivica,32
boohbah,32
taluka,32
noggin,32
carta,32
dundee,32
blyton,32
en,32
sclerosis,32
armani,32
weingartner,32
olympian,32
infobox,32
carlsen,32
hagfish,32
sibylline,32
hamster,32
(michelangelo),32
bailey,32
eresimus,32
coach,32
parry,32
outside,32
wavelet,32
anomaly,32
kanji,32
(anglican),32
wakizashi,32
words,32
week,32
jazeera,32
as,32
ponzi,32
template:review-christgau/doc,32
natron,32
navassa,32
zukerman,32
jerzy,32
petrosian,32
dr.,32
contador,32
supreme,32
axe,32
capybara,32
wikipedia:manual,32
fifths,32
explains,32
sixteen,32
borodin,32
cipriano,32
gili,32
sartre,32
adobe,32
gretzky,32
marine,32
kozlov,32
warwickshire,32
"greta,",32
chantal,32
kerberos,32
feedback,32
epcot,32
reform,32
andromeda,32
piccadilly,32
venezuela,32
spanning,32
trademark,32
silla,32
anthelme,32
chromosome,32
uprising,32
oldham,32
perez,32
ai,32
half,32
demographics,32
mudskipper,32
lafayette,32
tigran,32
dynamite,32
corruption,32
fiddle,32
eduard,32
developing,32
gravity,32
logarithm,32
counterpoint,32
conan,32
dome,32
shimane,32
galilean,32
lissa,32
nobunari,32
orwell,32
tectonics,32
fittest,32
seria,32
sgt.,32
ocoa,32
"springfield,",32
growth,32
gergiev,31
siren,31
"raleigh,",31
stoiber,31
crassus,31
piero,31
omega,31
celsius,31
lamborghini,31
lei,31
probability,31
wrangler,31
momentum,31
take,31
velocity,31
allegory,31
deconstruction,31
x-files,31
bremerhaven,31
iii:,31
quokka,31
oslo,31
weelkes,31
crimson,31
placebo,31
hallã©,31
imaginary,31
04,31
swagger,31
aquila,31
1707,31
irukandji,31
mitsubishi,31
(education),31
gochujang,31
poppy,31
bali,31
template:reflist/doc,31
sindh,31
amendment,31
milky,31
tapir,31
jar,31
coal,31
romana,31
monochloride,31
help:redirect,31
boult,31
goomba,31
adventist,31
anne's,31
stern,31
dromaeosaurus,31
harbor,31
horseshoe,31
triassic,31
troy,31
qur'an,31
advertising,31
pion,31
mrs,31
relations,31
amin,31
brecht,31
wheat,31
dowland,31
modernism,31
seventh-day,31
vasily,31
biomass,31
duty,31
bã¶hm,31
rau,31
catastrophism,31
application-specific,31
(2008,31
"glenrowan,",31
norbert,31
plott,31
template:inflation/doc,31
"boorowa,",31
prato,31
motors,31
can,31
victorian,31
concertgebouw,31
goat,31
xangsane,31
mycorrhiza,31
degas,31
(river),31
gates,31
chiburdanidze,31
haifa,31
pennsylvanian,31
regen,31
phillips,31
myxobolus,31
notice/doc,31
doyle,31
bo,31
flagler,31
hazard,31
sueur,31
ethernet,31
bertolt,31
complexity,31
tucker,31
format,31
twelfth,31
isles,31
azores,31
sheffield,31
mycenae,31
archie,31
lord's,31
caucasus,31
parakeet,31
katana,31
alyson,31
spiritual,31
vindolanda,31
mussolini,31
wikipedia:neutral,31
bermuda,31
salesman,31
suharto,31
odd.,31
walrus,31
mu,31
indo-european,31
continuum,31
ezekiel,31
castoreum,31
portland,31
heartbreakers,31
tissue,31
mã¡xima,31
liv,31
45,31
fide,31
pharmacology,31
azua,31
leave,31
vista,31
cellulite,31
firebird,31
bobby's,31
bradshaw,31
cerebralis,31
sum,31
"ballan,",31
altarpiece,31
veal,31
crested,31
cymbal,31
coca-cola,31
sankofa,31
c-sharp,31
pretty.,31
squamata,31
szeryng,31
evaporation,31
make,31
harrier,31
corbusier,31
burhou,31
lynx,31
palestine,31
cortã©s,31
nakamura,31
gets,31
beeton,31
l'atalante,31
"belvedere,",31
azide,31
embassy,31
otter,31
thermometer,31
ayyavazhi,31
trains,31
hawaiian,31
co-operation,31
mandelstam,30
hepburn,30
geographic,30
chrysler,30
bodkin,30
conway's,30
polychaete,30
(dumpling),30
3753,30
bash,30
missingno.,30
frusciante,30
illiteracy,30
bedroom,30
deccan,30
"coast,",30
wire,30
question,30
"canowindra,",30
kareem,30
stop,30
laurentiis,30
wikipedia:thinking,30
rune,30
israeli,30
jeju,30
she,30
nitride,30
hassan,30
'90/the,30
"lake,",30
tank,30
genius,30
opossum,30
judiciary,30
noah,30
ukrainian,30
what,30
advanced,30
imhotep,30
marlborough,30
bes,30
chimpanzee,30
klum,30
wade,30
oddworld,30
harmony,30
resurrection,30
ministry,30
arsenal,30
keller,30
fenrir,30
crater,30
aberdeenshire,30
category:wikipedia,30
rey,30
duruflã©,30
friend,30
hewitt,30
putsch,30
positioning,30
furniture,30
(british,30
trygve,30
gali,30
fles,30
canary,30
wikipedia:wikipedia,30
boutros,30
gã³mez,30
yulia,30
sandstone,30
sahel,30
refugee,30
abdul-jabbar,30
dalmatian,30
gaelic,30
kia,30
where,30
(sport),30
maira,30
hugues,30
aramaic,30
jiåã­,30
romantic,30
germaine,30
tammar,30
rookie,30
sul,30
phosphoric,30
ununpentium,30
brisbane,30
farrenc,30
goose,30
dunedin,30
nitrite,30
immunology,30
"hill,",30
mandu,30
cuã©nod,30
saturday,30
plumbing,30
nor'easter,30
lucie,30
"lubbock,",30
post,30
sophocles,30
genghis,30
category:people,30
wikipedia:citing,30
mainstream,30
emerald,30
template:wpbannermeta/doc,30
wikipedia:general,30
greens,30
elba,30
kirby,30
obertshausen,30
template:service,30
"marco,",30
namli,30
cellular,30
taft,30
sword,30
taekwondo,30
birthday,30
epic,30
boutros-ghali,30
financial,30
"marion,",30
cortot,30
wings,30
residentie,30
wikipedia:consensus,30
coleridge-taylor,30
nervosa,30
jeremias,30
goldman,30
ãcalan,30
gibraltar,30
punch,30
performing,30
manning,30
ranford,30
magazine,30
he,30
jean-pierre,30
timor,30
shearston,30
metcard,30
cleary,30
franks,30
goebel,30
nathia,30
buildings,30
nevin,30
cruithne,30
lantern,30
operetta,30
1970,30
collider,30
floss,30
mediawiki,30
children's,30
winchester,30
wildlife,30
badwater,30
darren,30
carnage,30
barthold,30
chaos,30
bed,30
template:geobox,30
a.c.,30
ieee,30
heatherwick,30
naofumi,30
drew,30
opel,30
axel,30
coin,30
manchukuo,30
buffyverse,30
(politics),30
(1995),30
grito,30
tuatara,30
veterans,30
ballroom,30
transcendental,30
kakapo,30
luã­s,30
gotthelf,30
fuzã»lã®,30
artur,30
constance,30
beaver,30
madeline,30
koala,30
builder,30
cartel,30
hanover,30
waggle,30
ethelbert,30
morphy,30
sikhism,30
preparations,30
knowles,30
eyes,30
fu,30
manaus,30
dodo,30
vulture,30
jamie,30
souza,30
spaghetti,30
ness,30
ockeghem,30
supernova,30
kolkata,30
vostok,29
oreiro,29
rakaposhi,29
sorbo,29
aria,29
